cve,event_type,event_date,source,raw_date_field
CVE-2010-5326,KEV,2021-11-03,KEV,dateAdded
CVE-2012-0158,KEV,2021-11-03,KEV,dateAdded
CVE-2012-3152,KEV,2021-11-03,KEV,dateAdded
CVE-2014-1812,KEV,2021-11-03,KEV,dateAdded
CVE-2015-1641,KEV,2021-11-03,KEV,dateAdded
CVE-2015-4852,KEV,2021-11-03,KEV,dateAdded
CVE-2016-0167,KEV,2021-11-03,KEV,dateAdded
CVE-2016-0185,KEV,2021-11-03,KEV,dateAdded
CVE-2016-3235,KEV,2021-11-03,KEV,dateAdded
CVE-2016-3643,KEV,2021-11-03,KEV,dateAdded
CVE-2016-3715,KEV,2021-11-03,KEV,dateAdded
CVE-2016-3718,KEV,2021-11-03,KEV,dateAdded
CVE-2016-3976,KEV,2021-11-03,KEV,dateAdded
CVE-2016-4437,KEV,2021-11-03,KEV,dateAdded
CVE-2016-7255,KEV,2021-11-03,KEV,dateAdded
CVE-2016-9563,KEV,2021-11-03,KEV,dateAdded
CVE-2017-0143,KEV,2021-11-03,KEV,dateAdded
CVE-2017-0199,KEV,2021-11-03,KEV,dateAdded
CVE-2017-11774,KEV,2021-11-03,KEV,dateAdded
CVE-2017-11882,KEV,2021-11-03,KEV,dateAdded
CVE-2017-16651,KEV,2021-11-03,KEV,dateAdded
CVE-2017-5638,KEV,2021-11-03,KEV,dateAdded
CVE-2017-6327,KEV,2021-11-03,KEV,dateAdded
CVE-2017-7269,KEV,2021-11-03,KEV,dateAdded
CVE-2017-8759,KEV,2021-11-03,KEV,dateAdded
CVE-2017-9248,KEV,2021-11-03,KEV,dateAdded
CVE-2017-9805,KEV,2021-11-03,KEV,dateAdded
CVE-2017-9822,KEV,2021-11-03,KEV,dateAdded
CVE-2018-0171,KEV,2021-11-03,KEV,dateAdded
CVE-2018-0296,KEV,2021-11-03,KEV,dateAdded
CVE-2018-0798,KEV,2021-11-03,KEV,dateAdded
CVE-2018-0802,KEV,2021-11-03,KEV,dateAdded
CVE-2018-11776,KEV,2021-11-03,KEV,dateAdded
CVE-2018-13379,KEV,2021-11-03,KEV,dateAdded
CVE-2018-14558,KEV,2021-11-03,KEV,dateAdded
CVE-2018-15811,KEV,2021-11-03,KEV,dateAdded
CVE-2018-15961,KEV,2021-11-03,KEV,dateAdded
CVE-2018-18325,KEV,2021-11-03,KEV,dateAdded
CVE-2018-20062,KEV,2021-11-03,KEV,dateAdded
CVE-2018-2380,KEV,2021-11-03,KEV,dateAdded
CVE-2018-4878,KEV,2021-11-03,KEV,dateAdded
CVE-2018-4939,KEV,2021-11-03,KEV,dateAdded
CVE-2018-6789,KEV,2021-11-03,KEV,dateAdded
CVE-2018-7600,KEV,2021-11-03,KEV,dateAdded
CVE-2018-8653,KEV,2021-11-03,KEV,dateAdded
CVE-2019-0211,KEV,2021-11-03,KEV,dateAdded
CVE-2019-0541,KEV,2021-11-03,KEV,dateAdded
CVE-2019-0604,KEV,2021-11-03,KEV,dateAdded
CVE-2019-0708,KEV,2021-11-03,KEV,dateAdded
CVE-2019-0797,KEV,2021-11-03,KEV,dateAdded
CVE-2019-0803,KEV,2021-11-03,KEV,dateAdded
CVE-2019-0808,KEV,2021-11-03,KEV,dateAdded
CVE-2019-0859,KEV,2021-11-03,KEV,dateAdded
CVE-2019-0863,KEV,2021-11-03,KEV,dateAdded
CVE-2019-11510,KEV,2021-11-03,KEV,dateAdded
CVE-2019-11539,KEV,2021-11-03,KEV,dateAdded
CVE-2019-11580,KEV,2021-11-03,KEV,dateAdded
CVE-2019-11634,KEV,2021-11-03,KEV,dateAdded
CVE-2019-1214,KEV,2021-11-03,KEV,dateAdded
CVE-2019-1215,KEV,2021-11-03,KEV,dateAdded
CVE-2019-13608,KEV,2021-11-03,KEV,dateAdded
CVE-2019-1367,KEV,2021-11-03,KEV,dateAdded
CVE-2019-1429,KEV,2021-11-03,KEV,dateAdded
CVE-2019-15752,KEV,2021-11-03,KEV,dateAdded
CVE-2019-15949,KEV,2021-11-03,KEV,dateAdded
CVE-2019-16256,KEV,2021-11-03,KEV,dateAdded
CVE-2019-1653,KEV,2021-11-03,KEV,dateAdded
CVE-2019-16759,KEV,2021-11-03,KEV,dateAdded
CVE-2019-17026,KEV,2021-11-03,KEV,dateAdded
CVE-2019-17558,KEV,2021-11-03,KEV,dateAdded
CVE-2019-18187,KEV,2021-11-03,KEV,dateAdded
CVE-2019-18935,KEV,2021-11-03,KEV,dateAdded
CVE-2019-18988,KEV,2021-11-03,KEV,dateAdded
CVE-2019-19356,KEV,2021-11-03,KEV,dateAdded
CVE-2019-19781,KEV,2021-11-03,KEV,dateAdded
CVE-2019-20085,KEV,2021-11-03,KEV,dateAdded
CVE-2019-2215,KEV,2021-11-03,KEV,dateAdded
CVE-2019-3396,KEV,2021-11-03,KEV,dateAdded
CVE-2019-3398,KEV,2021-11-03,KEV,dateAdded
CVE-2019-4716,KEV,2021-11-03,KEV,dateAdded
CVE-2019-5544,KEV,2021-11-03,KEV,dateAdded
CVE-2019-5591,KEV,2021-11-03,KEV,dateAdded
CVE-2019-6223,KEV,2021-11-03,KEV,dateAdded
CVE-2019-7481,KEV,2021-11-03,KEV,dateAdded
CVE-2019-8394,KEV,2021-11-03,KEV,dateAdded
CVE-2019-9082,KEV,2021-11-03,KEV,dateAdded
CVE-2019-9978,KEV,2021-11-03,KEV,dateAdded
CVE-2020-0041,KEV,2021-11-03,KEV,dateAdded
CVE-2020-0069,KEV,2021-11-03,KEV,dateAdded
CVE-2020-0601,KEV,2021-11-03,KEV,dateAdded
CVE-2020-0646,KEV,2021-11-03,KEV,dateAdded
CVE-2020-0674,KEV,2021-11-03,KEV,dateAdded
CVE-2020-0683,KEV,2021-11-03,KEV,dateAdded
CVE-2020-0688,KEV,2021-11-03,KEV,dateAdded
CVE-2020-0878,KEV,2021-11-03,KEV,dateAdded
CVE-2020-0938,KEV,2021-11-03,KEV,dateAdded
CVE-2020-0968,KEV,2021-11-03,KEV,dateAdded
CVE-2020-0986,KEV,2021-11-03,KEV,dateAdded
CVE-2020-10148,KEV,2021-11-03,KEV,dateAdded
CVE-2020-10181,KEV,2021-11-03,KEV,dateAdded
CVE-2020-10189,KEV,2021-11-03,KEV,dateAdded
CVE-2020-10199,KEV,2021-11-03,KEV,dateAdded
CVE-2020-1020,KEV,2021-11-03,KEV,dateAdded
CVE-2020-10221,KEV,2021-11-03,KEV,dateAdded
CVE-2020-1040,KEV,2021-11-03,KEV,dateAdded
CVE-2020-1054,KEV,2021-11-03,KEV,dateAdded
CVE-2020-10987,KEV,2021-11-03,KEV,dateAdded
CVE-2020-1147,KEV,2021-11-03,KEV,dateAdded
CVE-2020-11651,KEV,2021-11-03,KEV,dateAdded
CVE-2020-11652,KEV,2021-11-03,KEV,dateAdded
CVE-2020-11738,KEV,2021-11-03,KEV,dateAdded
CVE-2020-12271,KEV,2021-11-03,KEV,dateAdded
CVE-2020-12812,KEV,2021-11-03,KEV,dateAdded
CVE-2020-1350,KEV,2021-11-03,KEV,dateAdded
CVE-2020-1380,KEV,2021-11-03,KEV,dateAdded
CVE-2020-1464,KEV,2021-11-03,KEV,dateAdded
CVE-2020-1472,KEV,2021-11-03,KEV,dateAdded
CVE-2020-14750,KEV,2021-11-03,KEV,dateAdded
CVE-2020-14871,KEV,2021-11-03,KEV,dateAdded
CVE-2020-14882,KEV,2021-11-03,KEV,dateAdded
CVE-2020-14883,KEV,2021-11-03,KEV,dateAdded
CVE-2020-15505,KEV,2021-11-03,KEV,dateAdded
CVE-2020-15999,KEV,2021-11-03,KEV,dateAdded
CVE-2020-16009,KEV,2021-11-03,KEV,dateAdded
CVE-2020-16010,KEV,2021-11-03,KEV,dateAdded
CVE-2020-16013,KEV,2021-11-03,KEV,dateAdded
CVE-2020-16017,KEV,2021-11-03,KEV,dateAdded
CVE-2020-16846,KEV,2021-11-03,KEV,dateAdded
CVE-2020-17087,KEV,2021-11-03,KEV,dateAdded
CVE-2020-17144,KEV,2021-11-03,KEV,dateAdded
CVE-2020-17496,KEV,2021-11-03,KEV,dateAdded
CVE-2020-17530,KEV,2021-11-03,KEV,dateAdded
CVE-2020-24557,KEV,2021-11-03,KEV,dateAdded
CVE-2020-25213,KEV,2021-11-03,KEV,dateAdded
CVE-2020-25506,KEV,2021-11-03,KEV,dateAdded
CVE-2020-2555,KEV,2021-11-03,KEV,dateAdded
CVE-2020-26919,KEV,2021-11-03,KEV,dateAdded
CVE-2020-27930,KEV,2021-11-03,KEV,dateAdded
CVE-2020-27932,KEV,2021-11-03,KEV,dateAdded
CVE-2020-27950,KEV,2021-11-03,KEV,dateAdded
CVE-2020-29557,KEV,2021-11-03,KEV,dateAdded
CVE-2020-29583,KEV,2021-11-03,KEV,dateAdded
CVE-2020-3118,KEV,2021-11-03,KEV,dateAdded
CVE-2020-3161,KEV,2021-11-03,KEV,dateAdded
CVE-2020-3452,KEV,2021-11-03,KEV,dateAdded
CVE-2020-3566,KEV,2021-11-03,KEV,dateAdded
CVE-2020-3569,KEV,2021-11-03,KEV,dateAdded
CVE-2020-3580,KEV,2021-11-03,KEV,dateAdded
CVE-2020-3950,KEV,2021-11-03,KEV,dateAdded
CVE-2020-3952,KEV,2021-11-03,KEV,dateAdded
CVE-2020-3992,KEV,2021-11-03,KEV,dateAdded
CVE-2020-4006,KEV,2021-11-03,KEV,dateAdded
CVE-2020-4427,KEV,2021-11-03,KEV,dateAdded
CVE-2020-4428,KEV,2021-11-03,KEV,dateAdded
CVE-2020-4430,KEV,2021-11-03,KEV,dateAdded
CVE-2020-5735,KEV,2021-11-03,KEV,dateAdded
CVE-2020-5847,KEV,2021-11-03,KEV,dateAdded
CVE-2020-5849,KEV,2021-11-03,KEV,dateAdded
CVE-2020-5902,KEV,2021-11-03,KEV,dateAdded
CVE-2020-6207,KEV,2021-11-03,KEV,dateAdded
CVE-2020-6287,KEV,2021-11-03,KEV,dateAdded
CVE-2020-6418,KEV,2021-11-03,KEV,dateAdded
CVE-2020-6819,KEV,2021-11-03,KEV,dateAdded
CVE-2020-6820,KEV,2021-11-03,KEV,dateAdded
CVE-2020-7961,KEV,2021-11-03,KEV,dateAdded
CVE-2020-8193,KEV,2021-11-03,KEV,dateAdded
CVE-2020-8195,KEV,2021-11-03,KEV,dateAdded
CVE-2020-8196,KEV,2021-11-03,KEV,dateAdded
CVE-2020-8243,KEV,2021-11-03,KEV,dateAdded
CVE-2020-8260,KEV,2021-11-03,KEV,dateAdded
CVE-2020-8467,KEV,2021-11-03,KEV,dateAdded
CVE-2020-8468,KEV,2021-11-03,KEV,dateAdded
CVE-2020-8515,KEV,2021-11-03,KEV,dateAdded
CVE-2020-8599,KEV,2021-11-03,KEV,dateAdded
CVE-2020-8644,KEV,2021-11-03,KEV,dateAdded
CVE-2020-8655,KEV,2021-11-03,KEV,dateAdded
CVE-2020-8657,KEV,2021-11-03,KEV,dateAdded
CVE-2020-9818,KEV,2021-11-03,KEV,dateAdded
CVE-2020-9819,KEV,2021-11-03,KEV,dateAdded
CVE-2020-9859,KEV,2021-11-03,KEV,dateAdded
CVE-2021-1497,KEV,2021-11-03,KEV,dateAdded
CVE-2021-1498,KEV,2021-11-03,KEV,dateAdded
CVE-2021-1647,KEV,2021-11-03,KEV,dateAdded
CVE-2021-1675,KEV,2021-11-03,KEV,dateAdded
CVE-2021-1732,KEV,2021-11-03,KEV,dateAdded
CVE-2021-1782,KEV,2021-11-03,KEV,dateAdded
CVE-2021-1870,KEV,2021-11-03,KEV,dateAdded
CVE-2021-1871,KEV,2021-11-03,KEV,dateAdded
CVE-2021-1879,KEV,2021-11-03,KEV,dateAdded
CVE-2021-1905,KEV,2021-11-03,KEV,dateAdded
CVE-2021-1906,KEV,2021-11-03,KEV,dateAdded
CVE-2021-20016,KEV,2021-11-03,KEV,dateAdded
CVE-2021-20021,KEV,2021-11-03,KEV,dateAdded
CVE-2021-20022,KEV,2021-11-03,KEV,dateAdded
CVE-2021-20023,KEV,2021-11-03,KEV,dateAdded
CVE-2021-20090,KEV,2021-11-03,KEV,dateAdded
CVE-2021-21017,KEV,2021-11-03,KEV,dateAdded
CVE-2021-21148,KEV,2021-11-03,KEV,dateAdded
CVE-2021-21166,KEV,2021-11-03,KEV,dateAdded
CVE-2021-21193,KEV,2021-11-03,KEV,dateAdded
CVE-2021-21206,KEV,2021-11-03,KEV,dateAdded
CVE-2021-21220,KEV,2021-11-03,KEV,dateAdded
CVE-2021-21224,KEV,2021-11-03,KEV,dateAdded
CVE-2021-21972,KEV,2021-11-03,KEV,dateAdded
CVE-2021-21985,KEV,2021-11-03,KEV,dateAdded
CVE-2021-22005,KEV,2021-11-03,KEV,dateAdded
CVE-2021-22205,KEV,2021-11-03,KEV,dateAdded
CVE-2021-22502,KEV,2021-11-03,KEV,dateAdded
CVE-2021-22506,KEV,2021-11-03,KEV,dateAdded
CVE-2021-22893,KEV,2021-11-03,KEV,dateAdded
CVE-2021-22894,KEV,2021-11-03,KEV,dateAdded
CVE-2021-22899,KEV,2021-11-03,KEV,dateAdded
CVE-2021-22900,KEV,2021-11-03,KEV,dateAdded
CVE-2021-22986,KEV,2021-11-03,KEV,dateAdded
CVE-2021-23874,KEV,2021-11-03,KEV,dateAdded
CVE-2021-26084,KEV,2021-11-03,KEV,dateAdded
CVE-2021-26411,KEV,2021-11-03,KEV,dateAdded
CVE-2021-26855,KEV,2021-11-03,KEV,dateAdded
CVE-2021-26857,KEV,2021-11-03,KEV,dateAdded
CVE-2021-26858,KEV,2021-11-03,KEV,dateAdded
CVE-2021-27059,KEV,2021-11-03,KEV,dateAdded
CVE-2021-27065,KEV,2021-11-03,KEV,dateAdded
CVE-2021-27085,KEV,2021-11-03,KEV,dateAdded
CVE-2021-27101,KEV,2021-11-03,KEV,dateAdded
CVE-2021-27102,KEV,2021-11-03,KEV,dateAdded
CVE-2021-27103,KEV,2021-11-03,KEV,dateAdded
CVE-2021-27104,KEV,2021-11-03,KEV,dateAdded
CVE-2021-27561,KEV,2021-11-03,KEV,dateAdded
CVE-2021-27562,KEV,2021-11-03,KEV,dateAdded
CVE-2021-28310,KEV,2021-11-03,KEV,dateAdded
CVE-2021-28550,KEV,2021-11-03,KEV,dateAdded
CVE-2021-28663,KEV,2021-11-03,KEV,dateAdded
CVE-2021-28664,KEV,2021-11-03,KEV,dateAdded
CVE-2021-30116,KEV,2021-11-03,KEV,dateAdded
CVE-2021-30551,KEV,2021-11-03,KEV,dateAdded
CVE-2021-30554,KEV,2021-11-03,KEV,dateAdded
CVE-2021-30563,KEV,2021-11-03,KEV,dateAdded
CVE-2021-30632,KEV,2021-11-03,KEV,dateAdded
CVE-2021-30633,KEV,2021-11-03,KEV,dateAdded
CVE-2021-30657,KEV,2021-11-03,KEV,dateAdded
CVE-2021-30661,KEV,2021-11-03,KEV,dateAdded
CVE-2021-30663,KEV,2021-11-03,KEV,dateAdded
CVE-2021-30665,KEV,2021-11-03,KEV,dateAdded
CVE-2021-30666,KEV,2021-11-03,KEV,dateAdded
CVE-2021-30713,KEV,2021-11-03,KEV,dateAdded
CVE-2021-30761,KEV,2021-11-03,KEV,dateAdded
CVE-2021-30762,KEV,2021-11-03,KEV,dateAdded
CVE-2021-30807,KEV,2021-11-03,KEV,dateAdded
CVE-2021-30858,KEV,2021-11-03,KEV,dateAdded
CVE-2021-30860,KEV,2021-11-03,KEV,dateAdded
CVE-2021-30869,KEV,2021-11-03,KEV,dateAdded
CVE-2021-31199,KEV,2021-11-03,KEV,dateAdded
CVE-2021-31201,KEV,2021-11-03,KEV,dateAdded
CVE-2021-31207,KEV,2021-11-03,KEV,dateAdded
CVE-2021-31755,KEV,2021-11-03,KEV,dateAdded
CVE-2021-31955,KEV,2021-11-03,KEV,dateAdded
CVE-2021-31956,KEV,2021-11-03,KEV,dateAdded
CVE-2021-31979,KEV,2021-11-03,KEV,dateAdded
CVE-2021-33739,KEV,2021-11-03,KEV,dateAdded
CVE-2021-33742,KEV,2021-11-03,KEV,dateAdded
CVE-2021-33771,KEV,2021-11-03,KEV,dateAdded
CVE-2021-34448,KEV,2021-11-03,KEV,dateAdded
CVE-2021-34473,KEV,2021-11-03,KEV,dateAdded
CVE-2021-34523,KEV,2021-11-03,KEV,dateAdded
CVE-2021-34527,KEV,2021-11-03,KEV,dateAdded
CVE-2021-35211,KEV,2021-11-03,KEV,dateAdded
CVE-2021-35395,KEV,2021-11-03,KEV,dateAdded
CVE-2021-35464,KEV,2021-11-03,KEV,dateAdded
CVE-2021-36741,KEV,2021-11-03,KEV,dateAdded
CVE-2021-36742,KEV,2021-11-03,KEV,dateAdded
CVE-2021-36942,KEV,2021-11-03,KEV,dateAdded
CVE-2021-36948,KEV,2021-11-03,KEV,dateAdded
CVE-2021-36955,KEV,2021-11-03,KEV,dateAdded
CVE-2021-37973,KEV,2021-11-03,KEV,dateAdded
CVE-2021-37975,KEV,2021-11-03,KEV,dateAdded
CVE-2021-37976,KEV,2021-11-03,KEV,dateAdded
CVE-2021-38000,KEV,2021-11-03,KEV,dateAdded
CVE-2021-38003,KEV,2021-11-03,KEV,dateAdded
CVE-2021-38645,KEV,2021-11-03,KEV,dateAdded
CVE-2021-38647,KEV,2021-11-03,KEV,dateAdded
CVE-2021-38648,KEV,2021-11-03,KEV,dateAdded
CVE-2021-38649,KEV,2021-11-03,KEV,dateAdded
CVE-2021-40444,KEV,2021-11-03,KEV,dateAdded
CVE-2021-40539,KEV,2021-11-03,KEV,dateAdded
CVE-2021-41773,KEV,2021-11-03,KEV,dateAdded
CVE-2021-42013,KEV,2021-11-03,KEV,dateAdded
CVE-2021-42258,KEV,2021-11-03,KEV,dateAdded
CVE-2021-22204,KEV,2021-11-17,KEV,dateAdded
CVE-2021-40449,KEV,2021-11-17,KEV,dateAdded
CVE-2021-42292,KEV,2021-11-17,KEV,dateAdded
CVE-2021-42321,KEV,2021-11-17,KEV,dateAdded
CVE-2018-14847,KEV,2021-12-01,KEV,dateAdded
CVE-2020-11261,KEV,2021-12-01,KEV,dateAdded
CVE-2021-37415,KEV,2021-12-01,KEV,dateAdded
CVE-2021-40438,KEV,2021-12-01,KEV,dateAdded
CVE-2021-44077,KEV,2021-12-01,KEV,dateAdded
CVE-2010-1871,KEV,2021-12-10,KEV,dateAdded
CVE-2017-12149,KEV,2021-12-10,KEV,dateAdded
CVE-2017-17562,KEV,2021-12-10,KEV,dateAdded
CVE-2019-0193,KEV,2021-12-10,KEV,dateAdded
CVE-2019-10758,KEV,2021-12-10,KEV,dateAdded
CVE-2019-13272,KEV,2021-12-10,KEV,dateAdded
CVE-2019-7238,KEV,2021-12-10,KEV,dateAdded
CVE-2020-17463,KEV,2021-12-10,KEV,dateAdded
CVE-2020-8816,KEV,2021-12-10,KEV,dateAdded
CVE-2021-35394,KEV,2021-12-10,KEV,dateAdded
CVE-2021-44168,KEV,2021-12-10,KEV,dateAdded
CVE-2021-44228,KEV,2021-12-10,KEV,dateAdded
CVE-2021-44515,KEV,2021-12-10,KEV,dateAdded
CVE-2021-4102,KEV,2021-12-15,KEV,dateAdded
CVE-2021-43890,KEV,2021-12-15,KEV,dateAdded
CVE-2013-3900,KEV,2022-01-10,KEV,dateAdded
CVE-2015-7450,KEV,2022-01-10,KEV,dateAdded
CVE-2017-1000486,KEV,2022-01-10,KEV,dateAdded
CVE-2018-13382,KEV,2022-01-10,KEV,dateAdded
CVE-2018-13383,KEV,2022-01-10,KEV,dateAdded
CVE-2019-10149,KEV,2022-01-10,KEV,dateAdded
CVE-2019-1458,KEV,2022-01-10,KEV,dateAdded
CVE-2019-1579,KEV,2022-01-10,KEV,dateAdded
CVE-2019-2725,KEV,2022-01-10,KEV,dateAdded
CVE-2019-7609,KEV,2022-01-10,KEV,dateAdded
CVE-2019-9670,KEV,2022-01-10,KEV,dateAdded
CVE-2020-6572,KEV,2022-01-10,KEV,dateAdded
CVE-2021-22017,KEV,2022-01-10,KEV,dateAdded
CVE-2021-27860,KEV,2022-01-10,KEV,dateAdded
CVE-2021-36260,KEV,2022-01-10,KEV,dateAdded
CVE-2020-11978,KEV,2022-01-18,KEV,dateAdded
CVE-2020-13671,KEV,2022-01-18,KEV,dateAdded
CVE-2020-13927,KEV,2022-01-18,KEV,dateAdded
CVE-2020-14864,KEV,2022-01-18,KEV,dateAdded
CVE-2021-21315,KEV,2022-01-18,KEV,dateAdded
CVE-2021-21975,KEV,2022-01-18,KEV,dateAdded
CVE-2021-22991,KEV,2022-01-18,KEV,dateAdded
CVE-2021-25296,KEV,2022-01-18,KEV,dateAdded
CVE-2021-25297,KEV,2022-01-18,KEV,dateAdded
CVE-2021-25298,KEV,2022-01-18,KEV,dateAdded
CVE-2021-32648,KEV,2022-01-18,KEV,dateAdded
CVE-2021-33766,KEV,2022-01-18,KEV,dateAdded
CVE-2021-40870,KEV,2022-01-18,KEV,dateAdded
CVE-2006-1547,KEV,2022-01-21,KEV,dateAdded
CVE-2012-0391,KEV,2022-01-21,KEV,dateAdded
CVE-2018-8453,KEV,2022-01-21,KEV,dateAdded
CVE-2021-35247,KEV,2022-01-21,KEV,dateAdded
CVE-2014-1776,KEV,2022-01-28,KEV,dateAdded
CVE-2014-6271,KEV,2022-01-28,KEV,dateAdded
CVE-2014-7169,KEV,2022-01-28,KEV,dateAdded
CVE-2017-5689,KEV,2022-01-28,KEV,dateAdded
CVE-2020-0787,KEV,2022-01-28,KEV,dateAdded
CVE-2020-5722,KEV,2022-01-28,KEV,dateAdded
CVE-2021-20038,KEV,2022-01-28,KEV,dateAdded
CVE-2022-22587,KEV,2022-01-28,KEV,dateAdded
CVE-2022-21882,KEV,2022-02-04,KEV,dateAdded
CVE-2014-4404,KEV,2022-02-10,KEV,dateAdded
CVE-2015-1130,KEV,2022-02-10,KEV,dateAdded
CVE-2015-1635,KEV,2022-02-10,KEV,dateAdded
CVE-2015-2051,KEV,2022-02-10,KEV,dateAdded
CVE-2016-3088,KEV,2022-02-10,KEV,dateAdded
CVE-2017-0144,KEV,2022-02-10,KEV,dateAdded
CVE-2017-0145,KEV,2022-02-10,KEV,dateAdded
CVE-2017-0262,KEV,2022-02-10,KEV,dateAdded
CVE-2017-0263,KEV,2022-02-10,KEV,dateAdded
CVE-2017-10271,KEV,2022-02-10,KEV,dateAdded
CVE-2017-8464,KEV,2022-02-10,KEV,dateAdded
CVE-2017-9791,KEV,2022-02-10,KEV,dateAdded
CVE-2018-1000861,KEV,2022-02-10,KEV,dateAdded
CVE-2020-0796,KEV,2022-02-10,KEV,dateAdded
CVE-2021-36934,KEV,2022-02-10,KEV,dateAdded
CVE-2022-22620,KEV,2022-02-11,KEV,dateAdded
CVE-2013-3906,KEV,2022-02-15,KEV,dateAdded
CVE-2014-1761,KEV,2022-02-15,KEV,dateAdded
CVE-2017-9841,KEV,2022-02-15,KEV,dateAdded
CVE-2018-15982,KEV,2022-02-15,KEV,dateAdded
CVE-2018-20250,KEV,2022-02-15,KEV,dateAdded
CVE-2018-8174,KEV,2022-02-15,KEV,dateAdded
CVE-2019-0752,KEV,2022-02-15,KEV,dateAdded
CVE-2022-0609,KEV,2022-02-15,KEV,dateAdded
CVE-2022-24086,KEV,2022-02-15,KEV,dateAdded
CVE-2022-23131,KEV,2022-02-22,KEV,dateAdded
CVE-2022-23134,KEV,2022-02-22,KEV,dateAdded
CVE-2014-6352,KEV,2022-02-25,KEV,dateAdded
CVE-2017-0222,KEV,2022-02-25,KEV,dateAdded
CVE-2017-8570,KEV,2022-02-25,KEV,dateAdded
CVE-2022-24682,KEV,2022-02-25,KEV,dateAdded
CVE-2002-0367,KEV,2022-03-03,KEV,dateAdded
CVE-2004-0210,KEV,2022-03-03,KEV,dateAdded
CVE-2008-2992,KEV,2022-03-03,KEV,dateAdded
CVE-2008-3431,KEV,2022-03-03,KEV,dateAdded
CVE-2009-1123,KEV,2022-03-03,KEV,dateAdded
CVE-2009-3129,KEV,2022-03-03,KEV,dateAdded
CVE-2010-0188,KEV,2022-03-03,KEV,dateAdded
CVE-2010-0232,KEV,2022-03-03,KEV,dateAdded
CVE-2010-3333,KEV,2022-03-03,KEV,dateAdded
CVE-2011-0611,KEV,2022-03-03,KEV,dateAdded
CVE-2011-1889,KEV,2022-03-03,KEV,dateAdded
CVE-2011-3544,KEV,2022-03-03,KEV,dateAdded
CVE-2012-0507,KEV,2022-03-03,KEV,dateAdded
CVE-2012-1535,KEV,2022-03-03,KEV,dateAdded
CVE-2012-1723,KEV,2022-03-03,KEV,dateAdded
CVE-2012-1856,KEV,2022-03-03,KEV,dateAdded
CVE-2012-4681,KEV,2022-03-03,KEV,dateAdded
CVE-2013-0632,KEV,2022-03-03,KEV,dateAdded
CVE-2013-0640,KEV,2022-03-03,KEV,dateAdded
CVE-2013-0641,KEV,2022-03-03,KEV,dateAdded
CVE-2013-1347,KEV,2022-03-03,KEV,dateAdded
CVE-2013-1675,KEV,2022-03-03,KEV,dateAdded
CVE-2013-3346,KEV,2022-03-03,KEV,dateAdded
CVE-2013-3897,KEV,2022-03-03,KEV,dateAdded
CVE-2013-5065,KEV,2022-03-03,KEV,dateAdded
CVE-2014-0496,KEV,2022-03-03,KEV,dateAdded
CVE-2014-4114,KEV,2022-03-03,KEV,dateAdded
CVE-2015-1642,KEV,2022-03-03,KEV,dateAdded
CVE-2015-1701,KEV,2022-03-03,KEV,dateAdded
CVE-2015-2387,KEV,2022-03-03,KEV,dateAdded
CVE-2015-2424,KEV,2022-03-03,KEV,dateAdded
CVE-2015-2545,KEV,2022-03-03,KEV,dateAdded
CVE-2015-2590,KEV,2022-03-03,KEV,dateAdded
CVE-2015-3043,KEV,2022-03-03,KEV,dateAdded
CVE-2015-4902,KEV,2022-03-03,KEV,dateAdded
CVE-2015-5119,KEV,2022-03-03,KEV,dateAdded
CVE-2015-7645,KEV,2022-03-03,KEV,dateAdded
CVE-2016-0099,KEV,2022-03-03,KEV,dateAdded
CVE-2016-1019,KEV,2022-03-03,KEV,dateAdded
CVE-2016-4117,KEV,2022-03-03,KEV,dateAdded
CVE-2016-5195,KEV,2022-03-03,KEV,dateAdded
CVE-2016-7193,KEV,2022-03-03,KEV,dateAdded
CVE-2016-7262,KEV,2022-03-03,KEV,dateAdded
CVE-2016-7855,KEV,2022-03-03,KEV,dateAdded
CVE-2016-8562,KEV,2022-03-03,KEV,dateAdded
CVE-2017-0001,KEV,2022-03-03,KEV,dateAdded
CVE-2017-0261,KEV,2022-03-03,KEV,dateAdded
CVE-2017-11292,KEV,2022-03-03,KEV,dateAdded
CVE-2017-11826,KEV,2022-03-03,KEV,dateAdded
CVE-2017-12231,KEV,2022-03-03,KEV,dateAdded
CVE-2017-12232,KEV,2022-03-03,KEV,dateAdded
CVE-2017-12233,KEV,2022-03-03,KEV,dateAdded
CVE-2017-12234,KEV,2022-03-03,KEV,dateAdded
CVE-2017-12235,KEV,2022-03-03,KEV,dateAdded
CVE-2017-12237,KEV,2022-03-03,KEV,dateAdded
CVE-2017-12238,KEV,2022-03-03,KEV,dateAdded
CVE-2017-12240,KEV,2022-03-03,KEV,dateAdded
CVE-2017-12319,KEV,2022-03-03,KEV,dateAdded
CVE-2017-6627,KEV,2022-03-03,KEV,dateAdded
CVE-2017-6663,KEV,2022-03-03,KEV,dateAdded
CVE-2017-6736,KEV,2022-03-03,KEV,dateAdded
CVE-2017-6737,KEV,2022-03-03,KEV,dateAdded
CVE-2017-6738,KEV,2022-03-03,KEV,dateAdded
CVE-2017-6739,KEV,2022-03-03,KEV,dateAdded
CVE-2017-6740,KEV,2022-03-03,KEV,dateAdded
CVE-2017-6743,KEV,2022-03-03,KEV,dateAdded
CVE-2017-6744,KEV,2022-03-03,KEV,dateAdded
CVE-2017-8540,KEV,2022-03-03,KEV,dateAdded
CVE-2018-0151,KEV,2022-03-03,KEV,dateAdded
CVE-2018-0154,KEV,2022-03-03,KEV,dateAdded
CVE-2018-0155,KEV,2022-03-03,KEV,dateAdded
CVE-2018-0156,KEV,2022-03-03,KEV,dateAdded
CVE-2018-0158,KEV,2022-03-03,KEV,dateAdded
CVE-2018-0159,KEV,2022-03-03,KEV,dateAdded
CVE-2018-0161,KEV,2022-03-03,KEV,dateAdded
CVE-2018-0167,KEV,2022-03-03,KEV,dateAdded
CVE-2018-0172,KEV,2022-03-03,KEV,dateAdded
CVE-2018-0173,KEV,2022-03-03,KEV,dateAdded
CVE-2018-0174,KEV,2022-03-03,KEV,dateAdded
CVE-2018-0175,KEV,2022-03-03,KEV,dateAdded
CVE-2018-0179,KEV,2022-03-03,KEV,dateAdded
CVE-2018-0180,KEV,2022-03-03,KEV,dateAdded
CVE-2018-8298,KEV,2022-03-03,KEV,dateAdded
CVE-2018-8581,KEV,2022-03-03,KEV,dateAdded
CVE-2019-1297,KEV,2022-03-03,KEV,dateAdded
CVE-2019-1652,KEV,2022-03-03,KEV,dateAdded
CVE-2019-16928,KEV,2022-03-03,KEV,dateAdded
CVE-2020-11899,KEV,2022-03-03,KEV,dateAdded
CVE-2020-1938,KEV,2022-03-03,KEV,dateAdded
CVE-2021-41379,KEV,2022-03-03,KEV,dateAdded
CVE-2022-20699,KEV,2022-03-03,KEV,dateAdded
CVE-2022-20700,KEV,2022-03-03,KEV,dateAdded
CVE-2022-20701,KEV,2022-03-03,KEV,dateAdded
CVE-2022-20703,KEV,2022-03-03,KEV,dateAdded
CVE-2022-20708,KEV,2022-03-03,KEV,dateAdded
CVE-2009-3960,KEV,2022-03-07,KEV,dateAdded
CVE-2013-0625,KEV,2022-03-07,KEV,dateAdded
CVE-2013-0629,KEV,2022-03-07,KEV,dateAdded
CVE-2013-0631,KEV,2022-03-07,KEV,dateAdded
CVE-2016-6277,KEV,2022-03-07,KEV,dateAdded
CVE-2017-6077,KEV,2022-03-07,KEV,dateAdded
CVE-2019-11581,KEV,2022-03-07,KEV,dateAdded
CVE-2020-8218,KEV,2022-03-07,KEV,dateAdded
CVE-2021-21973,KEV,2022-03-07,KEV,dateAdded
CVE-2022-26485,KEV,2022-03-07,KEV,dateAdded
CVE-2022-26486,KEV,2022-03-07,KEV,dateAdded
CVE-2015-2546,KEV,2022-03-15,KEV,dateAdded
CVE-2016-3309,KEV,2022-03-15,KEV,dateAdded
CVE-2017-0101,KEV,2022-03-15,KEV,dateAdded
CVE-2018-8120,KEV,2022-03-15,KEV,dateAdded
CVE-2019-0543,KEV,2022-03-15,KEV,dateAdded
CVE-2019-0841,KEV,2022-03-15,KEV,dateAdded
CVE-2019-1064,KEV,2022-03-15,KEV,dateAdded
CVE-2019-1069,KEV,2022-03-15,KEV,dateAdded
CVE-2019-1129,KEV,2022-03-15,KEV,dateAdded
CVE-2019-1132,KEV,2022-03-15,KEV,dateAdded
CVE-2019-1253,KEV,2022-03-15,KEV,dateAdded
CVE-2019-1315,KEV,2022-03-15,KEV,dateAdded
CVE-2019-1322,KEV,2022-03-15,KEV,dateAdded
CVE-2019-1405,KEV,2022-03-15,KEV,dateAdded
CVE-2020-5135,KEV,2022-03-15,KEV,dateAdded
CVE-2005-2773,KEV,2022-03-25,KEV,dateAdded
CVE-2009-0927,KEV,2022-03-25,KEV,dateAdded
CVE-2009-1151,KEV,2022-03-25,KEV,dateAdded
CVE-2009-2055,KEV,2022-03-25,KEV,dateAdded
CVE-2010-2861,KEV,2022-03-25,KEV,dateAdded
CVE-2010-3035,KEV,2022-03-25,KEV,dateAdded
CVE-2010-4344,KEV,2022-03-25,KEV,dateAdded
CVE-2010-4345,KEV,2022-03-25,KEV,dateAdded
CVE-2012-1823,KEV,2022-03-25,KEV,dateAdded
CVE-2013-2251,KEV,2022-03-25,KEV,dateAdded
CVE-2013-4810,KEV,2022-03-25,KEV,dateAdded
CVE-2013-5223,KEV,2022-03-25,KEV,dateAdded
CVE-2014-0130,KEV,2022-03-25,KEV,dateAdded
CVE-2014-3120,KEV,2022-03-25,KEV,dateAdded
CVE-2014-6287,KEV,2022-03-25,KEV,dateAdded
CVE-2014-6324,KEV,2022-03-25,KEV,dateAdded
CVE-2014-6332,KEV,2022-03-25,KEV,dateAdded
CVE-2015-0666,KEV,2022-03-25,KEV,dateAdded
CVE-2015-1187,KEV,2022-03-25,KEV,dateAdded
CVE-2015-1427,KEV,2022-03-25,KEV,dateAdded
CVE-2015-3035,KEV,2022-03-25,KEV,dateAdded
CVE-2015-4068,KEV,2022-03-25,KEV,dateAdded
CVE-2016-0752,KEV,2022-03-25,KEV,dateAdded
CVE-2016-10174,KEV,2022-03-25,KEV,dateAdded
CVE-2016-11021,KEV,2022-03-25,KEV,dateAdded
CVE-2016-1555,KEV,2022-03-25,KEV,dateAdded
CVE-2016-4171,KEV,2022-03-25,KEV,dateAdded
CVE-2016-7892,KEV,2022-03-25,KEV,dateAdded
CVE-2017-0146,KEV,2022-03-25,KEV,dateAdded
CVE-2017-12615,KEV,2022-03-25,KEV,dateAdded
CVE-2017-12617,KEV,2022-03-25,KEV,dateAdded
CVE-2017-3881,KEV,2022-03-25,KEV,dateAdded
CVE-2017-6316,KEV,2022-03-25,KEV,dateAdded
CVE-2017-6334,KEV,2022-03-25,KEV,dateAdded
CVE-2018-0125,KEV,2022-03-25,KEV,dateAdded
CVE-2018-0147,KEV,2022-03-25,KEV,dateAdded
CVE-2018-11138,KEV,2022-03-25,KEV,dateAdded
CVE-2018-1273,KEV,2022-03-25,KEV,dateAdded
CVE-2018-14839,KEV,2022-03-25,KEV,dateAdded
CVE-2018-6961,KEV,2022-03-25,KEV,dateAdded
CVE-2018-8373,KEV,2022-03-25,KEV,dateAdded
CVE-2018-8414,KEV,2022-03-25,KEV,dateAdded
CVE-2019-0903,KEV,2022-03-25,KEV,dateAdded
CVE-2019-1003030,KEV,2022-03-25,KEV,dateAdded
CVE-2019-10068,KEV,2022-03-25,KEV,dateAdded
CVE-2019-11043,KEV,2022-03-25,KEV,dateAdded
CVE-2019-12989,KEV,2022-03-25,KEV,dateAdded
CVE-2019-12991,KEV,2022-03-25,KEV,dateAdded
CVE-2019-15107,KEV,2022-03-25,KEV,dateAdded
CVE-2019-16920,KEV,2022-03-25,KEV,dateAdded
CVE-2019-2616,KEV,2022-03-25,KEV,dateAdded
CVE-2019-6340,KEV,2022-03-25,KEV,dateAdded
CVE-2020-1631,KEV,2022-03-25,KEV,dateAdded
CVE-2020-1956,KEV,2022-03-25,KEV,dateAdded
CVE-2020-2021,KEV,2022-03-25,KEV,dateAdded
CVE-2020-2506,KEV,2022-03-25,KEV,dateAdded
CVE-2020-25223,KEV,2022-03-25,KEV,dateAdded
CVE-2020-5410,KEV,2022-03-25,KEV,dateAdded
CVE-2020-7247,KEV,2022-03-25,KEV,dateAdded
CVE-2020-9054,KEV,2022-03-25,KEV,dateAdded
CVE-2020-9377,KEV,2022-03-25,KEV,dateAdded
CVE-2021-22941,KEV,2022-03-25,KEV,dateAdded
CVE-2021-42237,KEV,2022-03-25,KEV,dateAdded
CVE-2022-21999,KEV,2022-03-25,KEV,dateAdded
CVE-2022-26143,KEV,2022-03-25,KEV,dateAdded
CVE-2022-26318,KEV,2022-03-25,KEV,dateAdded
CVE-2010-4398,KEV,2022-03-28,KEV,dateAdded
CVE-2011-2005,KEV,2022-03-28,KEV,dateAdded
CVE-2012-0518,KEV,2022-03-28,KEV,dateAdded
CVE-2012-2034,KEV,2022-03-28,KEV,dateAdded
CVE-2012-2539,KEV,2022-03-28,KEV,dateAdded
CVE-2012-5076,KEV,2022-03-28,KEV,dateAdded
CVE-2013-1690,KEV,2022-03-28,KEV,dateAdded
CVE-2013-2465,KEV,2022-03-28,KEV,dateAdded
CVE-2013-2551,KEV,2022-03-28,KEV,dateAdded
CVE-2013-2729,KEV,2022-03-28,KEV,dateAdded
CVE-2013-3660,KEV,2022-03-28,KEV,dateAdded
CVE-2015-1770,KEV,2022-03-28,KEV,dateAdded
CVE-2015-2419,KEV,2022-03-28,KEV,dateAdded
CVE-2015-2426,KEV,2022-03-28,KEV,dateAdded
CVE-2016-0040,KEV,2022-03-28,KEV,dateAdded
CVE-2016-0151,KEV,2022-03-28,KEV,dateAdded
CVE-2016-0189,KEV,2022-03-28,KEV,dateAdded
CVE-2016-7200,KEV,2022-03-28,KEV,dateAdded
CVE-2016-7201,KEV,2022-03-28,KEV,dateAdded
CVE-2017-0037,KEV,2022-03-28,KEV,dateAdded
CVE-2017-0059,KEV,2022-03-28,KEV,dateAdded
CVE-2017-0213,KEV,2022-03-28,KEV,dateAdded
CVE-2018-8405,KEV,2022-03-28,KEV,dateAdded
CVE-2018-8406,KEV,2022-03-28,KEV,dateAdded
CVE-2018-8440,KEV,2022-03-28,KEV,dateAdded
CVE-2019-7483,KEV,2022-03-28,KEV,dateAdded
CVE-2021-20028,KEV,2022-03-28,KEV,dateAdded
CVE-2021-26085,KEV,2022-03-28,KEV,dateAdded
CVE-2021-34486,KEV,2022-03-28,KEV,dateAdded
CVE-2021-38646,KEV,2022-03-28,KEV,dateAdded
CVE-2022-0543,KEV,2022-03-28,KEV,dateAdded
CVE-2022-1096,KEV,2022-03-28,KEV,dateAdded
CVE-2018-10561,KEV,2022-03-31,KEV,dateAdded
CVE-2018-10562,KEV,2022-03-31,KEV,dateAdded
CVE-2021-21551,KEV,2022-03-31,KEV,dateAdded
CVE-2021-28799,KEV,2022-03-31,KEV,dateAdded
CVE-2021-34484,KEV,2022-03-31,KEV,dateAdded
CVE-2022-1040,KEV,2022-03-31,KEV,dateAdded
CVE-2022-26871,KEV,2022-03-31,KEV,dateAdded
CVE-2021-45382,KEV,2022-04-04,KEV,dateAdded
CVE-2022-22674,KEV,2022-04-04,KEV,dateAdded
CVE-2022-22675,KEV,2022-04-04,KEV,dateAdded
CVE-2022-22965,KEV,2022-04-04,KEV,dateAdded
CVE-2017-0148,KEV,2022-04-06,KEV,dateAdded
CVE-2021-31166,KEV,2022-04-06,KEV,dateAdded
CVE-2021-3156,KEV,2022-04-06,KEV,dateAdded
CVE-2017-11317,KEV,2022-04-11,KEV,dateAdded
CVE-2020-2509,KEV,2022-04-11,KEV,dateAdded
CVE-2021-22600,KEV,2022-04-11,KEV,dateAdded
CVE-2021-27852,KEV,2022-04-11,KEV,dateAdded
CVE-2021-39793,KEV,2022-04-11,KEV,dateAdded
CVE-2021-42278,KEV,2022-04-11,KEV,dateAdded
CVE-2021-42287,KEV,2022-04-11,KEV,dateAdded
CVE-2022-23176,KEV,2022-04-11,KEV,dateAdded
CVE-2014-9163,KEV,2022-04-13,KEV,dateAdded
CVE-2015-0311,KEV,2022-04-13,KEV,dateAdded
CVE-2015-0313,KEV,2022-04-13,KEV,dateAdded
CVE-2015-2502,KEV,2022-04-13,KEV,dateAdded
CVE-2015-3113,KEV,2022-04-13,KEV,dateAdded
CVE-2015-5122,KEV,2022-04-13,KEV,dateAdded
CVE-2015-5123,KEV,2022-04-13,KEV,dateAdded
CVE-2018-20753,KEV,2022-04-13,KEV,dateAdded
CVE-2018-7602,KEV,2022-04-13,KEV,dateAdded
CVE-2022-24521,KEV,2022-04-13,KEV,dateAdded
CVE-2022-22954,KEV,2022-04-14,KEV,dateAdded
CVE-2007-3010,KEV,2022-04-15,KEV,dateAdded
CVE-2010-5330,KEV,2022-04-15,KEV,dateAdded
CVE-2014-0780,KEV,2022-04-15,KEV,dateAdded
CVE-2016-4523,KEV,2022-04-15,KEV,dateAdded
CVE-2018-7841,KEV,2022-04-15,KEV,dateAdded
CVE-2019-16057,KEV,2022-04-15,KEV,dateAdded
CVE-2019-3929,KEV,2022-04-15,KEV,dateAdded
CVE-2022-1364,KEV,2022-04-15,KEV,dateAdded
CVE-2022-22960,KEV,2022-04-15,KEV,dateAdded
CVE-2018-6882,KEV,2022-04-19,KEV,dateAdded
CVE-2019-3568,KEV,2022-04-19,KEV,dateAdded
CVE-2022-22718,KEV,2022-04-19,KEV,dateAdded
CVE-2019-1003029,KEV,2022-04-25,KEV,dateAdded
CVE-2021-40450,KEV,2022-04-25,KEV,dateAdded
CVE-2021-41357,KEV,2022-04-25,KEV,dateAdded
CVE-2022-0847,KEV,2022-04-25,KEV,dateAdded
CVE-2022-21919,KEV,2022-04-25,KEV,dateAdded
CVE-2022-26904,KEV,2022-04-25,KEV,dateAdded
CVE-2022-29464,KEV,2022-04-25,KEV,dateAdded
CVE-2014-0160,KEV,2022-05-04,KEV,dateAdded
CVE-2014-0322,KEV,2022-05-04,KEV,dateAdded
CVE-2014-4113,KEV,2022-05-04,KEV,dateAdded
CVE-2019-8506,KEV,2022-05-04,KEV,dateAdded
CVE-2021-1789,KEV,2022-05-04,KEV,dateAdded
CVE-2022-1388,KEV,2022-05-10,KEV,dateAdded
CVE-2022-22947,KEV,2022-05-16,KEV,dateAdded
CVE-2022-30525,KEV,2022-05-16,KEV,dateAdded
CVE-2018-5002,KEV,2022-05-23,KEV,dateAdded
CVE-2018-8589,KEV,2022-05-23,KEV,dateAdded
CVE-2019-0676,KEV,2022-05-23,KEV,dateAdded
CVE-2019-0703,KEV,2022-05-23,KEV,dateAdded
CVE-2019-0880,KEV,2022-05-23,KEV,dateAdded
CVE-2019-1130,KEV,2022-05-23,KEV,dateAdded
CVE-2019-11707,KEV,2022-05-23,KEV,dateAdded
CVE-2019-11708,KEV,2022-05-23,KEV,dateAdded
CVE-2019-13720,KEV,2022-05-23,KEV,dateAdded
CVE-2019-1385,KEV,2022-05-23,KEV,dateAdded
CVE-2019-18426,KEV,2022-05-23,KEV,dateAdded
CVE-2019-5786,KEV,2022-05-23,KEV,dateAdded
CVE-2019-7286,KEV,2022-05-23,KEV,dateAdded
CVE-2019-7287,KEV,2022-05-23,KEV,dateAdded
CVE-2019-8720,KEV,2022-05-23,KEV,dateAdded
CVE-2020-0638,KEV,2022-05-23,KEV,dateAdded
CVE-2020-1027,KEV,2022-05-23,KEV,dateAdded
CVE-2021-0920,KEV,2022-05-23,KEV,dateAdded
CVE-2021-1048,KEV,2022-05-23,KEV,dateAdded
CVE-2021-30883,KEV,2022-05-23,KEV,dateAdded
CVE-2022-20821,KEV,2022-05-23,KEV,dateAdded
CVE-2016-0162,KEV,2022-05-24,KEV,dateAdded
CVE-2016-3298,KEV,2022-05-24,KEV,dateAdded
CVE-2016-3351,KEV,2022-05-24,KEV,dateAdded
CVE-2016-4655,KEV,2022-05-24,KEV,dateAdded
CVE-2016-4656,KEV,2022-05-24,KEV,dateAdded
CVE-2016-4657,KEV,2022-05-24,KEV,dateAdded
CVE-2016-6366,KEV,2022-05-24,KEV,dateAdded
CVE-2016-6367,KEV,2022-05-24,KEV,dateAdded
CVE-2017-0005,KEV,2022-05-24,KEV,dateAdded
CVE-2017-0022,KEV,2022-05-24,KEV,dateAdded
CVE-2017-0147,KEV,2022-05-24,KEV,dateAdded
CVE-2017-0149,KEV,2022-05-24,KEV,dateAdded
CVE-2017-0210,KEV,2022-05-24,KEV,dateAdded
CVE-2017-18362,KEV,2022-05-24,KEV,dateAdded
CVE-2017-8291,KEV,2022-05-24,KEV,dateAdded
CVE-2017-8543,KEV,2022-05-24,KEV,dateAdded
CVE-2018-19943,KEV,2022-05-24,KEV,dateAdded
CVE-2018-19949,KEV,2022-05-24,KEV,dateAdded
CVE-2018-19953,KEV,2022-05-24,KEV,dateAdded
CVE-2018-8611,KEV,2022-05-24,KEV,dateAdded
CVE-2010-0738,KEV,2022-05-25,KEV,dateAdded
CVE-2010-0840,KEV,2022-05-25,KEV,dateAdded
CVE-2010-1428,KEV,2022-05-25,KEV,dateAdded
CVE-2012-1710,KEV,2022-05-25,KEV,dateAdded
CVE-2013-0074,KEV,2022-05-25,KEV,dateAdded
CVE-2013-0422,KEV,2022-05-25,KEV,dateAdded
CVE-2013-0431,KEV,2022-05-25,KEV,dateAdded
CVE-2013-2423,KEV,2022-05-25,KEV,dateAdded
CVE-2013-3896,KEV,2022-05-25,KEV,dateAdded
CVE-2013-3993,KEV,2022-05-25,KEV,dateAdded
CVE-2013-7331,KEV,2022-05-25,KEV,dateAdded
CVE-2014-0546,KEV,2022-05-25,KEV,dateAdded
CVE-2014-2817,KEV,2022-05-25,KEV,dateAdded
CVE-2014-3153,KEV,2022-05-25,KEV,dateAdded
CVE-2014-4077,KEV,2022-05-25,KEV,dateAdded
CVE-2014-4123,KEV,2022-05-25,KEV,dateAdded
CVE-2014-4148,KEV,2022-05-25,KEV,dateAdded
CVE-2014-8439,KEV,2022-05-25,KEV,dateAdded
CVE-2015-0016,KEV,2022-05-25,KEV,dateAdded
CVE-2015-0071,KEV,2022-05-25,KEV,dateAdded
CVE-2015-0310,KEV,2022-05-25,KEV,dateAdded
CVE-2015-1671,KEV,2022-05-25,KEV,dateAdded
CVE-2015-1769,KEV,2022-05-25,KEV,dateAdded
CVE-2015-2360,KEV,2022-05-25,KEV,dateAdded
CVE-2015-2425,KEV,2022-05-25,KEV,dateAdded
CVE-2015-4495,KEV,2022-05-25,KEV,dateAdded
CVE-2015-6175,KEV,2022-05-25,KEV,dateAdded
CVE-2015-8651,KEV,2022-05-25,KEV,dateAdded
CVE-2016-0034,KEV,2022-05-25,KEV,dateAdded
CVE-2016-0984,KEV,2022-05-25,KEV,dateAdded
CVE-2016-1010,KEV,2022-05-25,KEV,dateAdded
CVE-2016-3393,KEV,2022-05-25,KEV,dateAdded
CVE-2016-7256,KEV,2022-05-25,KEV,dateAdded
CVE-2019-3010,KEV,2022-05-25,KEV,dateAdded
CVE-2022-26134,KEV,2022-06-02,KEV,dateAdded
CVE-2006-2492,KEV,2022-06-08,KEV,dateAdded
CVE-2007-5659,KEV,2022-06-08,KEV,dateAdded
CVE-2008-0655,KEV,2022-06-08,KEV,dateAdded
CVE-2009-0557,KEV,2022-06-08,KEV,dateAdded
CVE-2009-0563,KEV,2022-06-08,KEV,dateAdded
CVE-2009-1862,KEV,2022-06-08,KEV,dateAdded
CVE-2009-3953,KEV,2022-06-08,KEV,dateAdded
CVE-2009-4324,KEV,2022-06-08,KEV,dateAdded
CVE-2010-1297,KEV,2022-06-08,KEV,dateAdded
CVE-2010-2572,KEV,2022-06-08,KEV,dateAdded
CVE-2010-2883,KEV,2022-06-08,KEV,dateAdded
CVE-2011-0609,KEV,2022-06-08,KEV,dateAdded
CVE-2011-2462,KEV,2022-06-08,KEV,dateAdded
CVE-2012-0151,KEV,2022-06-08,KEV,dateAdded
CVE-2012-0754,KEV,2022-06-08,KEV,dateAdded
CVE-2012-0767,KEV,2022-06-08,KEV,dateAdded
CVE-2012-1889,KEV,2022-06-08,KEV,dateAdded
CVE-2012-4969,KEV,2022-06-08,KEV,dateAdded
CVE-2012-5054,KEV,2022-06-08,KEV,dateAdded
CVE-2013-1331,KEV,2022-06-08,KEV,dateAdded
CVE-2016-1646,KEV,2022-06-08,KEV,dateAdded
CVE-2016-5198,KEV,2022-06-08,KEV,dateAdded
CVE-2017-5030,KEV,2022-06-08,KEV,dateAdded
CVE-2017-5070,KEV,2022-06-08,KEV,dateAdded
CVE-2017-6862,KEV,2022-06-08,KEV,dateAdded
CVE-2018-17463,KEV,2022-06-08,KEV,dateAdded
CVE-2018-17480,KEV,2022-06-08,KEV,dateAdded
CVE-2018-4990,KEV,2022-06-08,KEV,dateAdded
CVE-2018-6065,KEV,2022-06-08,KEV,dateAdded
CVE-2019-15271,KEV,2022-06-08,KEV,dateAdded
CVE-2019-5825,KEV,2022-06-08,KEV,dateAdded
CVE-2019-7192,KEV,2022-06-08,KEV,dateAdded
CVE-2019-7193,KEV,2022-06-08,KEV,dateAdded
CVE-2019-7194,KEV,2022-06-08,KEV,dateAdded
CVE-2019-7195,KEV,2022-06-08,KEV,dateAdded
CVE-2016-2386,KEV,2022-06-09,KEV,dateAdded
CVE-2016-2388,KEV,2022-06-09,KEV,dateAdded
CVE-2021-38163,KEV,2022-06-09,KEV,dateAdded
CVE-2022-30190,KEV,2022-06-14,KEV,dateAdded
CVE-2018-4344,KEV,2022-06-27,KEV,dateAdded
CVE-2019-8605,KEV,2022-06-27,KEV,dateAdded
CVE-2020-3837,KEV,2022-06-27,KEV,dateAdded
CVE-2020-9907,KEV,2022-06-27,KEV,dateAdded
CVE-2021-30533,KEV,2022-06-27,KEV,dateAdded
CVE-2021-30983,KEV,2022-06-27,KEV,dateAdded
CVE-2021-4034,KEV,2022-06-27,KEV,dateAdded
CVE-2022-29499,KEV,2022-06-27,KEV,dateAdded
CVE-2022-26925,KEV,2022-07-01,KEV,dateAdded
CVE-2022-22047,KEV,2022-07-12,KEV,dateAdded
CVE-2022-26138,KEV,2022-07-29,KEV,dateAdded
CVE-2022-27924,KEV,2022-08-04,KEV,dateAdded
CVE-2022-30333,KEV,2022-08-09,KEV,dateAdded
CVE-2022-34713,KEV,2022-08-09,KEV,dateAdded
CVE-2022-27925,KEV,2022-08-11,KEV,dateAdded
CVE-2022-37042,KEV,2022-08-11,KEV,dateAdded
CVE-2017-15944,KEV,2022-08-18,KEV,dateAdded
CVE-2022-21971,KEV,2022-08-18,KEV,dateAdded
CVE-2022-22536,KEV,2022-08-18,KEV,dateAdded
CVE-2022-26923,KEV,2022-08-18,KEV,dateAdded
CVE-2022-2856,KEV,2022-08-18,KEV,dateAdded
CVE-2022-32893,KEV,2022-08-18,KEV,dateAdded
CVE-2022-32894,KEV,2022-08-18,KEV,dateAdded
CVE-2022-0028,KEV,2022-08-22,KEV,dateAdded
CVE-2020-28949,KEV,2022-08-25,KEV,dateAdded
CVE-2020-36193,KEV,2022-08-25,KEV,dateAdded
CVE-2021-31010,KEV,2022-08-25,KEV,dateAdded
CVE-2021-38406,KEV,2022-08-25,KEV,dateAdded
CVE-2021-39226,KEV,2022-08-25,KEV,dateAdded
CVE-2022-2294,KEV,2022-08-25,KEV,dateAdded
CVE-2022-22963,KEV,2022-08-25,KEV,dateAdded
CVE-2022-24112,KEV,2022-08-25,KEV,dateAdded
CVE-2022-24706,KEV,2022-08-25,KEV,dateAdded
CVE-2022-26352,KEV,2022-08-25,KEV,dateAdded
CVE-2011-1823,KEV,2022-09-08,KEV,dateAdded
CVE-2011-4723,KEV,2022-09-08,KEV,dateAdded
CVE-2017-5521,KEV,2022-09-08,KEV,dateAdded
CVE-2018-13374,KEV,2022-09-08,KEV,dateAdded
CVE-2018-2628,KEV,2022-09-08,KEV,dateAdded
CVE-2018-6530,KEV,2022-09-08,KEV,dateAdded
CVE-2018-7445,KEV,2022-09-08,KEV,dateAdded
CVE-2020-9934,KEV,2022-09-08,KEV,dateAdded
CVE-2022-26258,KEV,2022-09-08,KEV,dateAdded
CVE-2022-27593,KEV,2022-09-08,KEV,dateAdded
CVE-2022-3075,KEV,2022-09-08,KEV,dateAdded
CVE-2022-32917,KEV,2022-09-14,KEV,dateAdded
CVE-2022-37969,KEV,2022-09-14,KEV,dateAdded
CVE-2010-2568,KEV,2022-09-15,KEV,dateAdded
CVE-2013-2094,KEV,2022-09-15,KEV,dateAdded
CVE-2013-2596,KEV,2022-09-15,KEV,dateAdded
CVE-2013-2597,KEV,2022-09-15,KEV,dateAdded
CVE-2013-6282,KEV,2022-09-15,KEV,dateAdded
CVE-2022-40139,KEV,2022-09-15,KEV,dateAdded
CVE-2022-35405,KEV,2022-09-22,KEV,dateAdded
CVE-2022-3236,KEV,2022-09-23,KEV,dateAdded
CVE-2022-36804,KEV,2022-09-30,KEV,dateAdded
CVE-2022-41040,KEV,2022-09-30,KEV,dateAdded
CVE-2022-41082,KEV,2022-09-30,KEV,dateAdded
CVE-2022-40684,KEV,2022-10-11,KEV,dateAdded
CVE-2022-41033,KEV,2022-10-11,KEV,dateAdded
CVE-2021-3493,KEV,2022-10-20,KEV,dateAdded
CVE-2022-41352,KEV,2022-10-20,KEV,dateAdded
CVE-2018-19320,KEV,2022-10-24,KEV,dateAdded
CVE-2018-19321,KEV,2022-10-24,KEV,dateAdded
CVE-2018-19322,KEV,2022-10-24,KEV,dateAdded
CVE-2018-19323,KEV,2022-10-24,KEV,dateAdded
CVE-2020-3153,KEV,2022-10-24,KEV,dateAdded
CVE-2020-3433,KEV,2022-10-24,KEV,dateAdded
CVE-2022-42827,KEV,2022-10-25,KEV,dateAdded
CVE-2022-3723,KEV,2022-10-28,KEV,dateAdded
CVE-2021-25337,KEV,2022-11-08,KEV,dateAdded
CVE-2021-25369,KEV,2022-11-08,KEV,dateAdded
CVE-2021-25370,KEV,2022-11-08,KEV,dateAdded
CVE-2022-41073,KEV,2022-11-08,KEV,dateAdded
CVE-2022-41091,KEV,2022-11-08,KEV,dateAdded
CVE-2022-41125,KEV,2022-11-08,KEV,dateAdded
CVE-2022-41128,KEV,2022-11-08,KEV,dateAdded
CVE-2022-41049,KEV,2022-11-14,KEV,dateAdded
CVE-2021-35587,KEV,2022-11-28,KEV,dateAdded
CVE-2022-4135,KEV,2022-11-28,KEV,dateAdded
CVE-2022-4262,KEV,2022-12-05,KEV,dateAdded
CVE-2022-26500,KEV,2022-12-13,KEV,dateAdded
CVE-2022-26501,KEV,2022-12-13,KEV,dateAdded
CVE-2022-27518,KEV,2022-12-13,KEV,dateAdded
CVE-2022-42475,KEV,2022-12-13,KEV,dateAdded
CVE-2022-44698,KEV,2022-12-13,KEV,dateAdded
CVE-2022-42856,KEV,2022-12-14,KEV,dateAdded
CVE-2018-18809,KEV,2022-12-29,KEV,dateAdded
CVE-2018-5430,KEV,2022-12-29,KEV,dateAdded
CVE-2022-41080,KEV,2023-01-10,KEV,dateAdded
CVE-2023-21674,KEV,2023-01-10,KEV,dateAdded
CVE-2022-44877,KEV,2023-01-17,KEV,dateAdded
CVE-2022-47966,KEV,2023-01-23,KEV,dateAdded
CVE-2017-11357,KEV,2023-01-26,KEV,dateAdded
CVE-2022-21587,KEV,2023-02-02,KEV,dateAdded
CVE-2023-22952,KEV,2023-02-02,KEV,dateAdded
CVE-2015-2291,KEV,2023-02-10,KEV,dateAdded
CVE-2022-24990,KEV,2023-02-10,KEV,dateAdded
CVE-2023-0669,KEV,2023-02-10,KEV,dateAdded
CVE-2023-21715,KEV,2023-02-14,KEV,dateAdded
CVE-2023-21823,KEV,2023-02-14,KEV,dateAdded
CVE-2023-23376,KEV,2023-02-14,KEV,dateAdded
CVE-2023-23529,KEV,2023-02-14,KEV,dateAdded
CVE-2022-46169,KEV,2023-02-16,KEV,dateAdded
CVE-2022-40765,KEV,2023-02-21,KEV,dateAdded
CVE-2022-41223,KEV,2023-02-21,KEV,dateAdded
CVE-2022-47986,KEV,2023-02-21,KEV,dateAdded
CVE-2022-36537,KEV,2023-02-27,KEV,dateAdded
CVE-2022-28810,KEV,2023-03-07,KEV,dateAdded
CVE-2022-33891,KEV,2023-03-07,KEV,dateAdded
CVE-2022-35914,KEV,2023-03-07,KEV,dateAdded
CVE-2020-5741,KEV,2023-03-10,KEV,dateAdded
CVE-2021-39144,KEV,2023-03-10,KEV,dateAdded
CVE-2022-41328,KEV,2023-03-14,KEV,dateAdded
CVE-2023-23397,KEV,2023-03-14,KEV,dateAdded
CVE-2023-24880,KEV,2023-03-14,KEV,dateAdded
CVE-2023-26360,KEV,2023-03-15,KEV,dateAdded
CVE-2013-3163,KEV,2023-03-30,KEV,dateAdded
CVE-2017-7494,KEV,2023-03-30,KEV,dateAdded
CVE-2021-30900,KEV,2023-03-30,KEV,dateAdded
CVE-2022-22706,KEV,2023-03-30,KEV,dateAdded
CVE-2022-3038,KEV,2023-03-30,KEV,dateAdded
CVE-2022-38181,KEV,2023-03-30,KEV,dateAdded
CVE-2022-39197,KEV,2023-03-30,KEV,dateAdded
CVE-2022-42948,KEV,2023-03-30,KEV,dateAdded
CVE-2023-0266,KEV,2023-03-30,KEV,dateAdded
CVE-2022-27926,KEV,2023-04-03,KEV,dateAdded
CVE-2019-1388,KEV,2023-04-07,KEV,dateAdded
CVE-2021-27876,KEV,2023-04-07,KEV,dateAdded
CVE-2021-27877,KEV,2023-04-07,KEV,dateAdded
CVE-2021-27878,KEV,2023-04-07,KEV,dateAdded
CVE-2023-26083,KEV,2023-04-07,KEV,dateAdded
CVE-2023-28205,KEV,2023-04-10,KEV,dateAdded
CVE-2023-28206,KEV,2023-04-10,KEV,dateAdded
CVE-2023-28252,KEV,2023-04-11,KEV,dateAdded
CVE-2023-20963,KEV,2023-04-13,KEV,dateAdded
CVE-2023-29492,KEV,2023-04-13,KEV,dateAdded
CVE-2019-8526,KEV,2023-04-17,KEV,dateAdded
CVE-2023-2033,KEV,2023-04-17,KEV,dateAdded
CVE-2017-6742,KEV,2023-04-19,KEV,dateAdded
CVE-2023-2136,KEV,2023-04-21,KEV,dateAdded
CVE-2023-27350,KEV,2023-04-21,KEV,dateAdded
CVE-2023-28432,KEV,2023-04-21,KEV,dateAdded
CVE-2021-45046,KEV,2023-05-01,KEV,dateAdded
CVE-2023-1389,KEV,2023-05-01,KEV,dateAdded
CVE-2023-21839,KEV,2023-05-01,KEV,dateAdded
CVE-2023-29336,KEV,2023-05-09,KEV,dateAdded
CVE-2010-3904,KEV,2023-05-12,KEV,dateAdded
CVE-2014-0196,KEV,2023-05-12,KEV,dateAdded
CVE-2015-5317,KEV,2023-05-12,KEV,dateAdded
CVE-2016-3427,KEV,2023-05-12,KEV,dateAdded
CVE-2016-8735,KEV,2023-05-12,KEV,dateAdded
CVE-2021-3560,KEV,2023-05-12,KEV,dateAdded
CVE-2023-25717,KEV,2023-05-12,KEV,dateAdded
CVE-2004-1464,KEV,2023-05-19,KEV,dateAdded
CVE-2016-6415,KEV,2023-05-19,KEV,dateAdded
CVE-2023-21492,KEV,2023-05-19,KEV,dateAdded
CVE-2023-28204,KEV,2023-05-22,KEV,dateAdded
CVE-2023-32373,KEV,2023-05-22,KEV,dateAdded
CVE-2023-32409,KEV,2023-05-22,KEV,dateAdded
CVE-2023-2868,KEV,2023-05-26,KEV,dateAdded
CVE-2023-28771,KEV,2023-05-31,KEV,dateAdded
CVE-2023-34362,KEV,2023-06-02,KEV,dateAdded
CVE-2023-33009,KEV,2023-06-05,KEV,dateAdded
CVE-2023-33010,KEV,2023-06-05,KEV,dateAdded
CVE-2023-3079,KEV,2023-06-07,KEV,dateAdded
CVE-2023-27997,KEV,2023-06-13,KEV,dateAdded
CVE-2016-0165,KEV,2023-06-22,KEV,dateAdded
CVE-2016-9079,KEV,2023-06-22,KEV,dateAdded
CVE-2020-12641,KEV,2023-06-22,KEV,dateAdded
CVE-2020-35730,KEV,2023-06-22,KEV,dateAdded
CVE-2021-44026,KEV,2023-06-22,KEV,dateAdded
CVE-2023-20887,KEV,2023-06-22,KEV,dateAdded
CVE-2023-20867,KEV,2023-06-23,KEV,dateAdded
CVE-2023-27992,KEV,2023-06-23,KEV,dateAdded
CVE-2023-32434,KEV,2023-06-23,KEV,dateAdded
CVE-2023-32435,KEV,2023-06-23,KEV,dateAdded
CVE-2023-32439,KEV,2023-06-23,KEV,dateAdded
CVE-2019-17621,KEV,2023-06-29,KEV,dateAdded
CVE-2019-20500,KEV,2023-06-29,KEV,dateAdded
CVE-2021-25371,KEV,2023-06-29,KEV,dateAdded
CVE-2021-25372,KEV,2023-06-29,KEV,dateAdded
CVE-2021-25394,KEV,2023-06-29,KEV,dateAdded
CVE-2021-25395,KEV,2023-06-29,KEV,dateAdded
CVE-2021-25487,KEV,2023-06-29,KEV,dateAdded
CVE-2021-25489,KEV,2023-06-29,KEV,dateAdded
CVE-2021-29256,KEV,2023-07-07,KEV,dateAdded
CVE-2022-31199,KEV,2023-07-11,KEV,dateAdded
CVE-2023-32046,KEV,2023-07-11,KEV,dateAdded
CVE-2023-32049,KEV,2023-07-11,KEV,dateAdded
CVE-2023-35311,KEV,2023-07-11,KEV,dateAdded
CVE-2023-36874,KEV,2023-07-11,KEV,dateAdded
CVE-2022-29303,KEV,2023-07-13,KEV,dateAdded
CVE-2023-37450,KEV,2023-07-13,KEV,dateAdded
CVE-2023-36884,KEV,2023-07-17,KEV,dateAdded
CVE-2023-3519,KEV,2023-07-19,KEV,dateAdded
CVE-2023-29298,KEV,2023-07-20,KEV,dateAdded
CVE-2023-38205,KEV,2023-07-20,KEV,dateAdded
CVE-2023-35078,KEV,2023-07-25,KEV,dateAdded
CVE-2023-38606,KEV,2023-07-26,KEV,dateAdded
CVE-2023-37580,KEV,2023-07-27,KEV,dateAdded
CVE-2023-35081,KEV,2023-07-31,KEV,dateAdded
CVE-2017-18368,KEV,2023-08-07,KEV,dateAdded
CVE-2023-38180,KEV,2023-08-09,KEV,dateAdded
CVE-2023-24489,KEV,2023-08-16,KEV,dateAdded
CVE-2023-26359,KEV,2023-08-21,KEV,dateAdded
CVE-2023-27532,KEV,2023-08-22,KEV,dateAdded
CVE-2023-38035,KEV,2023-08-22,KEV,dateAdded
CVE-2023-32315,KEV,2023-08-24,KEV,dateAdded
CVE-2023-38831,KEV,2023-08-24,KEV,dateAdded
CVE-2023-33246,KEV,2023-09-06,KEV,dateAdded
CVE-2023-41061,KEV,2023-09-11,KEV,dateAdded
CVE-2023-41064,KEV,2023-09-11,KEV,dateAdded
CVE-2023-36761,KEV,2023-09-12,KEV,dateAdded
CVE-2023-36802,KEV,2023-09-12,KEV,dateAdded
CVE-2023-20269,KEV,2023-09-13,KEV,dateAdded
CVE-2023-35674,KEV,2023-09-13,KEV,dateAdded
CVE-2023-4863,KEV,2023-09-13,KEV,dateAdded
CVE-2023-26369,KEV,2023-09-14,KEV,dateAdded
CVE-2014-8361,KEV,2023-09-18,KEV,dateAdded
CVE-2017-6884,KEV,2023-09-18,KEV,dateAdded
CVE-2021-3129,KEV,2023-09-18,KEV,dateAdded
CVE-2022-22265,KEV,2023-09-18,KEV,dateAdded
CVE-2023-28434,KEV,2023-09-19,KEV,dateAdded
CVE-2023-41179,KEV,2023-09-21,KEV,dateAdded
CVE-2023-41991,KEV,2023-09-25,KEV,dateAdded
CVE-2023-41992,KEV,2023-09-25,KEV,dateAdded
CVE-2023-41993,KEV,2023-09-25,KEV,dateAdded
CVE-2018-14667,KEV,2023-09-28,KEV,dateAdded
CVE-2023-5217,KEV,2023-10-02,KEV,dateAdded
CVE-2023-4211,KEV,2023-10-03,KEV,dateAdded
CVE-2023-28229,KEV,2023-10-04,KEV,dateAdded
CVE-2023-42793,KEV,2023-10-04,KEV,dateAdded
CVE-2023-22515,KEV,2023-10-05,KEV,dateAdded
CVE-2023-40044,KEV,2023-10-05,KEV,dateAdded
CVE-2023-42824,KEV,2023-10-05,KEV,dateAdded
CVE-2023-20109,KEV,2023-10-10,KEV,dateAdded
CVE-2023-21608,KEV,2023-10-10,KEV,dateAdded
CVE-2023-36563,KEV,2023-10-10,KEV,dateAdded
CVE-2023-41763,KEV,2023-10-10,KEV,dateAdded
CVE-2023-44487,KEV,2023-10-10,KEV,dateAdded
CVE-2023-20198,KEV,2023-10-16,KEV,dateAdded
CVE-2023-4966,KEV,2023-10-18,KEV,dateAdded
CVE-2023-20273,KEV,2023-10-23,KEV,dateAdded
CVE-2023-5631,KEV,2023-10-26,KEV,dateAdded
CVE-2023-46747,KEV,2023-10-31,KEV,dateAdded
CVE-2023-46748,KEV,2023-10-31,KEV,dateAdded
CVE-2023-46604,KEV,2023-11-02,KEV,dateAdded
CVE-2023-22518,KEV,2023-11-07,KEV,dateAdded
CVE-2023-29552,KEV,2023-11-08,KEV,dateAdded
CVE-2023-36844,KEV,2023-11-13,KEV,dateAdded
CVE-2023-36845,KEV,2023-11-13,KEV,dateAdded
CVE-2023-36846,KEV,2023-11-13,KEV,dateAdded
CVE-2023-36847,KEV,2023-11-13,KEV,dateAdded
CVE-2023-36851,KEV,2023-11-13,KEV,dateAdded
CVE-2023-47246,KEV,2023-11-13,KEV,dateAdded
CVE-2023-36025,KEV,2023-11-14,KEV,dateAdded
CVE-2023-36033,KEV,2023-11-14,KEV,dateAdded
CVE-2023-36036,KEV,2023-11-14,KEV,dateAdded
CVE-2020-2551,KEV,2023-11-16,KEV,dateAdded
CVE-2023-1671,KEV,2023-11-16,KEV,dateAdded
CVE-2023-36584,KEV,2023-11-16,KEV,dateAdded
CVE-2023-4911,KEV,2023-11-21,KEV,dateAdded
CVE-2023-49103,KEV,2023-11-30,KEV,dateAdded
CVE-2023-6345,KEV,2023-11-30,KEV,dateAdded
CVE-2023-42916,KEV,2023-12-04,KEV,dateAdded
CVE-2023-42917,KEV,2023-12-04,KEV,dateAdded
CVE-2022-22071,KEV,2023-12-05,KEV,dateAdded
CVE-2023-33063,KEV,2023-12-05,KEV,dateAdded
CVE-2023-33106,KEV,2023-12-05,KEV,dateAdded
CVE-2023-33107,KEV,2023-12-05,KEV,dateAdded
CVE-2023-41265,KEV,2023-12-07,KEV,dateAdded
CVE-2023-41266,KEV,2023-12-07,KEV,dateAdded
CVE-2023-6448,KEV,2023-12-11,KEV,dateAdded
CVE-2023-47565,KEV,2023-12-21,KEV,dateAdded
CVE-2023-49897,KEV,2023-12-21,KEV,dateAdded
CVE-2023-7024,KEV,2024-01-02,KEV,dateAdded
CVE-2023-7101,KEV,2024-01-02,KEV,dateAdded
CVE-2016-20017,KEV,2024-01-08,KEV,dateAdded
CVE-2023-23752,KEV,2024-01-08,KEV,dateAdded
CVE-2023-27524,KEV,2024-01-08,KEV,dateAdded
CVE-2023-29300,KEV,2024-01-08,KEV,dateAdded
CVE-2023-38203,KEV,2024-01-08,KEV,dateAdded
CVE-2023-41990,KEV,2024-01-08,KEV,dateAdded
CVE-2023-29357,KEV,2024-01-10,KEV,dateAdded
CVE-2023-46805,KEV,2024-01-10,KEV,dateAdded
CVE-2024-21887,KEV,2024-01-10,KEV,dateAdded
CVE-2018-15133,KEV,2024-01-16,KEV,dateAdded
CVE-2023-6548,KEV,2024-01-17,KEV,dateAdded
CVE-2023-6549,KEV,2024-01-17,KEV,dateAdded
CVE-2024-0519,KEV,2024-01-17,KEV,dateAdded
CVE-2023-35082,KEV,2024-01-18,KEV,dateAdded
CVE-2023-34048,KEV,2024-01-22,KEV,dateAdded
CVE-2024-23222,KEV,2024-01-23,KEV,dateAdded
CVE-2023-22527,KEV,2024-01-24,KEV,dateAdded
CVE-2022-48618,KEV,2024-01-31,KEV,dateAdded
CVE-2024-21893,KEV,2024-01-31,KEV,dateAdded
CVE-2023-4762,KEV,2024-02-06,KEV,dateAdded
CVE-2024-21762,KEV,2024-02-09,KEV,dateAdded
CVE-2023-43770,KEV,2024-02-12,KEV,dateAdded
CVE-2024-21351,KEV,2024-02-13,KEV,dateAdded
CVE-2024-21412,KEV,2024-02-13,KEV,dateAdded
CVE-2020-3259,KEV,2024-02-15,KEV,dateAdded
CVE-2024-21410,KEV,2024-02-15,KEV,dateAdded
CVE-2024-1709,KEV,2024-02-22,KEV,dateAdded
CVE-2023-29360,KEV,2024-02-29,KEV,dateAdded
CVE-2024-21338,KEV,2024-03-04,KEV,dateAdded
CVE-2021-36380,KEV,2024-03-05,KEV,dateAdded
CVE-2023-21237,KEV,2024-03-05,KEV,dateAdded
CVE-2024-23225,KEV,2024-03-06,KEV,dateAdded
CVE-2024-23296,KEV,2024-03-06,KEV,dateAdded
CVE-2024-27198,KEV,2024-03-07,KEV,dateAdded
CVE-2019-7256,KEV,2024-03-25,KEV,dateAdded
CVE-2021-44529,KEV,2024-03-25,KEV,dateAdded
CVE-2023-48788,KEV,2024-03-25,KEV,dateAdded
CVE-2023-24955,KEV,2024-03-26,KEV,dateAdded
CVE-2024-29745,KEV,2024-04-04,KEV,dateAdded
CVE-2024-29748,KEV,2024-04-04,KEV,dateAdded
CVE-2024-3272,KEV,2024-04-11,KEV,dateAdded
CVE-2024-3273,KEV,2024-04-11,KEV,dateAdded
CVE-2024-3400,KEV,2024-04-12,KEV,dateAdded
CVE-2022-38028,KEV,2024-04-23,KEV,dateAdded
CVE-2024-20353,KEV,2024-04-24,KEV,dateAdded
CVE-2024-20359,KEV,2024-04-24,KEV,dateAdded
CVE-2024-4040,KEV,2024-04-24,KEV,dateAdded
CVE-2024-29988,KEV,2024-04-30,KEV,dateAdded
CVE-2023-7028,KEV,2024-05-01,KEV,dateAdded
CVE-2024-4671,KEV,2024-05-13,KEV,dateAdded
CVE-2024-30040,KEV,2024-05-14,KEV,dateAdded
CVE-2024-30051,KEV,2024-05-14,KEV,dateAdded
CVE-2014-100005,KEV,2024-05-16,KEV,dateAdded
CVE-2021-40655,KEV,2024-05-16,KEV,dateAdded
CVE-2024-4761,KEV,2024-05-16,KEV,dateAdded
CVE-2023-43208,KEV,2024-05-20,KEV,dateAdded
CVE-2024-4947,KEV,2024-05-20,KEV,dateAdded
CVE-2020-17519,KEV,2024-05-23,KEV,dateAdded
CVE-2024-5274,KEV,2024-05-28,KEV,dateAdded
CVE-2024-4978,KEV,2024-05-29,KEV,dateAdded
CVE-2024-1086,KEV,2024-05-30,KEV,dateAdded
CVE-2024-24919,KEV,2024-05-30,KEV,dateAdded
CVE-2017-3506,KEV,2024-06-03,KEV,dateAdded
CVE-2024-4577,KEV,2024-06-12,KEV,dateAdded
CVE-2024-4610,KEV,2024-06-12,KEV,dateAdded
CVE-2024-26169,KEV,2024-06-13,KEV,dateAdded
CVE-2024-32896,KEV,2024-06-13,KEV,dateAdded
CVE-2024-4358,KEV,2024-06-13,KEV,dateAdded
CVE-2020-13965,KEV,2024-06-26,KEV,dateAdded
CVE-2022-24816,KEV,2024-06-26,KEV,dateAdded
CVE-2022-2586,KEV,2024-06-26,KEV,dateAdded
CVE-2024-20399,KEV,2024-07-02,KEV,dateAdded
CVE-2024-23692,KEV,2024-07-09,KEV,dateAdded
CVE-2024-38080,KEV,2024-07-09,KEV,dateAdded
CVE-2024-38112,KEV,2024-07-09,KEV,dateAdded
CVE-2024-36401,KEV,2024-07-15,KEV,dateAdded
CVE-2022-22948,KEV,2024-07-17,KEV,dateAdded
CVE-2024-28995,KEV,2024-07-17,KEV,dateAdded
CVE-2024-34102,KEV,2024-07-17,KEV,dateAdded
CVE-2012-4792,KEV,2024-07-23,KEV,dateAdded
CVE-2024-39891,KEV,2024-07-23,KEV,dateAdded
CVE-2023-45249,KEV,2024-07-29,KEV,dateAdded
CVE-2024-4879,KEV,2024-07-29,KEV,dateAdded
CVE-2024-5217,KEV,2024-07-29,KEV,dateAdded
CVE-2024-37085,KEV,2024-07-30,KEV,dateAdded
CVE-2018-0824,KEV,2024-08-05,KEV,dateAdded
CVE-2024-32113,KEV,2024-08-07,KEV,dateAdded
CVE-2024-36971,KEV,2024-08-07,KEV,dateAdded
CVE-2024-38106,KEV,2024-08-13,KEV,dateAdded
CVE-2024-38107,KEV,2024-08-13,KEV,dateAdded
CVE-2024-38178,KEV,2024-08-13,KEV,dateAdded
CVE-2024-38189,KEV,2024-08-13,KEV,dateAdded
CVE-2024-38193,KEV,2024-08-13,KEV,dateAdded
CVE-2024-38213,KEV,2024-08-13,KEV,dateAdded
CVE-2024-28986,KEV,2024-08-15,KEV,dateAdded
CVE-2024-23897,KEV,2024-08-19,KEV,dateAdded
CVE-2021-31196,KEV,2024-08-21,KEV,dateAdded
CVE-2021-33044,KEV,2024-08-21,KEV,dateAdded
CVE-2021-33045,KEV,2024-08-21,KEV,dateAdded
CVE-2022-0185,KEV,2024-08-21,KEV,dateAdded
CVE-2024-39717,KEV,2024-08-23,KEV,dateAdded
CVE-2024-7971,KEV,2024-08-26,KEV,dateAdded
CVE-2024-38856,KEV,2024-08-27,KEV,dateAdded
CVE-2024-7965,KEV,2024-08-28,KEV,dateAdded
CVE-2021-20123,KEV,2024-09-03,KEV,dateAdded
CVE-2021-20124,KEV,2024-09-03,KEV,dateAdded
CVE-2024-7262,KEV,2024-09-03,KEV,dateAdded
CVE-2016-3714,KEV,2024-09-09,KEV,dateAdded
CVE-2017-1000253,KEV,2024-09-09,KEV,dateAdded
CVE-2024-40766,KEV,2024-09-09,KEV,dateAdded
CVE-2024-38014,KEV,2024-09-10,KEV,dateAdded
CVE-2024-38217,KEV,2024-09-10,KEV,dateAdded
CVE-2024-38226,KEV,2024-09-10,KEV,dateAdded
CVE-2024-8190,KEV,2024-09-13,KEV,dateAdded
CVE-2024-43461,KEV,2024-09-16,KEV,dateAdded
CVE-2024-6670,KEV,2024-09-16,KEV,dateAdded
CVE-2013-0643,KEV,2024-09-17,KEV,dateAdded
CVE-2013-0648,KEV,2024-09-17,KEV,dateAdded
CVE-2014-0497,KEV,2024-09-17,KEV,dateAdded
CVE-2014-0502,KEV,2024-09-17,KEV,dateAdded
CVE-2020-0618,KEV,2024-09-18,KEV,dateAdded
CVE-2020-14644,KEV,2024-09-18,KEV,dateAdded
CVE-2022-21445,KEV,2024-09-18,KEV,dateAdded
CVE-2024-27348,KEV,2024-09-18,KEV,dateAdded
CVE-2024-8963,KEV,2024-09-19,KEV,dateAdded
CVE-2024-7593,KEV,2024-09-24,KEV,dateAdded
CVE-2019-0344,KEV,2024-09-30,KEV,dateAdded
CVE-2020-15415,KEV,2024-09-30,KEV,dateAdded
CVE-2023-25280,KEV,2024-09-30,KEV,dateAdded
CVE-2024-29824,KEV,2024-10-02,KEV,dateAdded
CVE-2024-45519,KEV,2024-10-03,KEV,dateAdded
CVE-2024-43047,KEV,2024-10-08,KEV,dateAdded
CVE-2024-43572,KEV,2024-10-08,KEV,dateAdded
CVE-2024-43573,KEV,2024-10-08,KEV,dateAdded
CVE-2024-23113,KEV,2024-10-09,KEV,dateAdded
CVE-2024-9379,KEV,2024-10-09,KEV,dateAdded
CVE-2024-9380,KEV,2024-10-09,KEV,dateAdded
CVE-2024-28987,KEV,2024-10-15,KEV,dateAdded
CVE-2024-30088,KEV,2024-10-15,KEV,dateAdded
CVE-2024-9680,KEV,2024-10-15,KEV,dateAdded
CVE-2024-40711,KEV,2024-10-17,KEV,dateAdded
CVE-2024-9537,KEV,2024-10-21,KEV,dateAdded
CVE-2024-38094,KEV,2024-10-22,KEV,dateAdded
CVE-2024-47575,KEV,2024-10-23,KEV,dateAdded
CVE-2024-20481,KEV,2024-10-24,KEV,dateAdded
CVE-2024-37383,KEV,2024-10-24,KEV,dateAdded
CVE-2024-8956,KEV,2024-11-04,KEV,dateAdded
CVE-2024-8957,KEV,2024-11-04,KEV,dateAdded
CVE-2019-16278,KEV,2024-11-07,KEV,dateAdded
CVE-2024-43093,KEV,2024-11-07,KEV,dateAdded
CVE-2024-51567,KEV,2024-11-07,KEV,dateAdded
CVE-2024-5910,KEV,2024-11-07,KEV,dateAdded
CVE-2014-2120,KEV,2024-11-12,KEV,dateAdded
CVE-2021-26086,KEV,2024-11-12,KEV,dateAdded
CVE-2021-41277,KEV,2024-11-12,KEV,dateAdded
CVE-2024-43451,KEV,2024-11-12,KEV,dateAdded
CVE-2024-49039,KEV,2024-11-12,KEV,dateAdded
CVE-2024-9463,KEV,2024-11-14,KEV,dateAdded
CVE-2024-9465,KEV,2024-11-14,KEV,dateAdded
CVE-2024-0012,KEV,2024-11-18,KEV,dateAdded
CVE-2024-1212,KEV,2024-11-18,KEV,dateAdded
CVE-2024-9474,KEV,2024-11-18,KEV,dateAdded
CVE-2024-38812,KEV,2024-11-20,KEV,dateAdded
CVE-2024-38813,KEV,2024-11-20,KEV,dateAdded
CVE-2024-21287,KEV,2024-11-21,KEV,dateAdded
CVE-2024-44308,KEV,2024-11-21,KEV,dateAdded
CVE-2024-44309,KEV,2024-11-21,KEV,dateAdded
CVE-2023-28461,KEV,2024-11-25,KEV,dateAdded
CVE-2023-45727,KEV,2024-12-03,KEV,dateAdded
CVE-2024-11667,KEV,2024-12-03,KEV,dateAdded
CVE-2024-11680,KEV,2024-12-03,KEV,dateAdded
CVE-2024-51378,KEV,2024-12-04,KEV,dateAdded
CVE-2024-49138,KEV,2024-12-10,KEV,dateAdded
CVE-2024-50623,KEV,2024-12-13,KEV,dateAdded
CVE-2024-20767,KEV,2024-12-16,KEV,dateAdded
CVE-2024-35250,KEV,2024-12-16,KEV,dateAdded
CVE-2024-55956,KEV,2024-12-17,KEV,dateAdded
CVE-2018-14933,KEV,2024-12-18,KEV,dateAdded
CVE-2019-11001,KEV,2024-12-18,KEV,dateAdded
CVE-2021-40407,KEV,2024-12-18,KEV,dateAdded
CVE-2022-23227,KEV,2024-12-18,KEV,dateAdded
CVE-2024-12356,KEV,2024-12-19,KEV,dateAdded
CVE-2021-44207,KEV,2024-12-23,KEV,dateAdded
CVE-2024-3393,KEV,2024-12-30,KEV,dateAdded
CVE-2020-2883,KEV,2025-01-07,KEV,dateAdded
CVE-2024-41713,KEV,2025-01-07,KEV,dateAdded
CVE-2024-55550,KEV,2025-01-07,KEV,dateAdded
CVE-2025-0282,KEV,2025-01-08,KEV,dateAdded
CVE-2023-48365,KEV,2025-01-13,KEV,dateAdded
CVE-2024-12686,KEV,2025-01-13,KEV,dateAdded
CVE-2024-55591,KEV,2025-01-14,KEV,dateAdded
CVE-2025-21333,KEV,2025-01-14,KEV,dateAdded
CVE-2025-21334,KEV,2025-01-14,KEV,dateAdded
CVE-2025-21335,KEV,2025-01-14,KEV,dateAdded
CVE-2024-50603,KEV,2025-01-16,KEV,dateAdded
CVE-2020-11023,KEV,2025-01-23,KEV,dateAdded
CVE-2025-23006,KEV,2025-01-24,KEV,dateAdded
CVE-2025-24085,KEV,2025-01-29,KEV,dateAdded
CVE-2018-19410,KEV,2025-02-04,KEV,dateAdded
CVE-2018-9276,KEV,2025-02-04,KEV,dateAdded
CVE-2024-29059,KEV,2025-02-04,KEV,dateAdded
CVE-2024-45195,KEV,2025-02-04,KEV,dateAdded
CVE-2024-53104,KEV,2025-02-05,KEV,dateAdded
CVE-2020-15069,KEV,2025-02-06,KEV,dateAdded
CVE-2020-29574,KEV,2025-02-06,KEV,dateAdded
CVE-2022-23748,KEV,2025-02-06,KEV,dateAdded
CVE-2024-21413,KEV,2025-02-06,KEV,dateAdded
CVE-2025-0411,KEV,2025-02-06,KEV,dateAdded
CVE-2025-0994,KEV,2025-02-07,KEV,dateAdded
CVE-2024-40890,KEV,2025-02-11,KEV,dateAdded
CVE-2024-40891,KEV,2025-02-11,KEV,dateAdded
CVE-2025-21391,KEV,2025-02-11,KEV,dateAdded
CVE-2025-21418,KEV,2025-02-11,KEV,dateAdded
CVE-2024-41710,KEV,2025-02-12,KEV,dateAdded
CVE-2025-24200,KEV,2025-02-12,KEV,dateAdded
CVE-2024-57727,KEV,2025-02-13,KEV,dateAdded
CVE-2024-53704,KEV,2025-02-18,KEV,dateAdded
CVE-2025-0108,KEV,2025-02-18,KEV,dateAdded
CVE-2025-0111,KEV,2025-02-20,KEV,dateAdded
CVE-2025-23209,KEV,2025-02-20,KEV,dateAdded
CVE-2025-24989,KEV,2025-02-21,KEV,dateAdded
CVE-2017-3066,KEV,2025-02-24,KEV,dateAdded
CVE-2024-20953,KEV,2025-02-24,KEV,dateAdded
CVE-2023-34192,KEV,2025-02-25,KEV,dateAdded
CVE-2024-49035,KEV,2025-02-25,KEV,dateAdded
CVE-2018-8639,KEV,2025-03-03,KEV,dateAdded
CVE-2022-43769,KEV,2025-03-03,KEV,dateAdded
CVE-2022-43939,KEV,2025-03-03,KEV,dateAdded
CVE-2023-20118,KEV,2025-03-03,KEV,dateAdded
CVE-2024-4885,KEV,2025-03-03,KEV,dateAdded
CVE-2024-50302,KEV,2025-03-04,KEV,dateAdded
CVE-2025-22224,KEV,2025-03-04,KEV,dateAdded
CVE-2025-22225,KEV,2025-03-04,KEV,dateAdded
CVE-2025-22226,KEV,2025-03-04,KEV,dateAdded
CVE-2024-13159,KEV,2025-03-10,KEV,dateAdded
CVE-2024-13160,KEV,2025-03-10,KEV,dateAdded
CVE-2024-13161,KEV,2025-03-10,KEV,dateAdded
CVE-2024-57968,KEV,2025-03-10,KEV,dateAdded
CVE-2025-25181,KEV,2025-03-10,KEV,dateAdded
CVE-2025-24983,KEV,2025-03-11,KEV,dateAdded
CVE-2025-24984,KEV,2025-03-11,KEV,dateAdded
CVE-2025-24985,KEV,2025-03-11,KEV,dateAdded
CVE-2025-24991,KEV,2025-03-11,KEV,dateAdded
CVE-2025-24993,KEV,2025-03-11,KEV,dateAdded
CVE-2025-26633,KEV,2025-03-11,KEV,dateAdded
CVE-2025-21590,KEV,2025-03-13,KEV,dateAdded
CVE-2025-24201,KEV,2025-03-13,KEV,dateAdded
CVE-2025-24472,KEV,2025-03-18,KEV,dateAdded
CVE-2025-30066,KEV,2025-03-18,KEV,dateAdded
CVE-2017-12637,KEV,2025-03-19,KEV,dateAdded
CVE-2024-48248,KEV,2025-03-19,KEV,dateAdded
CVE-2025-1316,KEV,2025-03-19,KEV,dateAdded
CVE-2025-30154,KEV,2025-03-24,KEV,dateAdded
CVE-2019-9874,KEV,2025-03-26,KEV,dateAdded
CVE-2019-9875,KEV,2025-03-26,KEV,dateAdded
CVE-2025-2783,KEV,2025-03-27,KEV,dateAdded
CVE-2024-20439,KEV,2025-03-31,KEV,dateAdded
CVE-2025-24813,KEV,2025-04-01,KEV,dateAdded
CVE-2025-22457,KEV,2025-04-04,KEV,dateAdded
CVE-2025-31161,KEV,2025-04-07,KEV,dateAdded
CVE-2025-29824,KEV,2025-04-08,KEV,dateAdded
CVE-2025-30406,KEV,2025-04-08,KEV,dateAdded
CVE-2024-53150,KEV,2025-04-09,KEV,dateAdded
CVE-2024-53197,KEV,2025-04-09,KEV,dateAdded
CVE-2021-20035,KEV,2025-04-16,KEV,dateAdded
CVE-2025-24054,KEV,2025-04-17,KEV,dateAdded
CVE-2025-31200,KEV,2025-04-17,KEV,dateAdded
CVE-2025-31201,KEV,2025-04-17,KEV,dateAdded
CVE-2025-1976,KEV,2025-04-28,KEV,dateAdded
CVE-2025-3928,KEV,2025-04-28,KEV,dateAdded
CVE-2025-42599,KEV,2025-04-28,KEV,dateAdded
CVE-2025-31324,KEV,2025-04-29,KEV,dateAdded
CVE-2023-44221,KEV,2025-05-01,KEV,dateAdded
CVE-2024-38475,KEV,2025-05-01,KEV,dateAdded
CVE-2024-58136,KEV,2025-05-02,KEV,dateAdded
CVE-2025-34028,KEV,2025-05-02,KEV,dateAdded
CVE-2025-3248,KEV,2025-05-05,KEV,dateAdded
CVE-2025-27363,KEV,2025-05-06,KEV,dateAdded
CVE-2024-11120,KEV,2025-05-07,KEV,dateAdded
CVE-2024-6047,KEV,2025-05-07,KEV,dateAdded
CVE-2025-47729,KEV,2025-05-12,KEV,dateAdded
CVE-2025-30397,KEV,2025-05-13,KEV,dateAdded
CVE-2025-30400,KEV,2025-05-13,KEV,dateAdded
CVE-2025-32701,KEV,2025-05-13,KEV,dateAdded
CVE-2025-32706,KEV,2025-05-13,KEV,dateAdded
CVE-2025-32709,KEV,2025-05-13,KEV,dateAdded
CVE-2025-32756,KEV,2025-05-14,KEV,dateAdded
CVE-2024-12987,KEV,2025-05-15,KEV,dateAdded
CVE-2025-42999,KEV,2025-05-15,KEV,dateAdded
CVE-2023-38950,KEV,2025-05-19,KEV,dateAdded
CVE-2024-11182,KEV,2025-05-19,KEV,dateAdded
CVE-2024-27443,KEV,2025-05-19,KEV,dateAdded
CVE-2025-27920,KEV,2025-05-19,KEV,dateAdded
CVE-2025-4427,KEV,2025-05-19,KEV,dateAdded
CVE-2025-4428,KEV,2025-05-19,KEV,dateAdded
CVE-2025-4632,KEV,2025-05-22,KEV,dateAdded
CVE-2021-32030,KEV,2025-06-02,KEV,dateAdded
CVE-2023-39780,KEV,2025-06-02,KEV,dateAdded
CVE-2024-56145,KEV,2025-06-02,KEV,dateAdded
CVE-2025-35939,KEV,2025-06-02,KEV,dateAdded
CVE-2025-3935,KEV,2025-06-02,KEV,dateAdded
CVE-2025-21479,KEV,2025-06-03,KEV,dateAdded
CVE-2025-21480,KEV,2025-06-03,KEV,dateAdded
CVE-2025-27038,KEV,2025-06-03,KEV,dateAdded
CVE-2025-5419,KEV,2025-06-05,KEV,dateAdded
CVE-2024-42009,KEV,2025-06-09,KEV,dateAdded
CVE-2025-32433,KEV,2025-06-09,KEV,dateAdded
CVE-2025-24016,KEV,2025-06-10,KEV,dateAdded
CVE-2025-33053,KEV,2025-06-10,KEV,dateAdded
CVE-2023-33538,KEV,2025-06-16,KEV,dateAdded
CVE-2025-43200,KEV,2025-06-16,KEV,dateAdded
CVE-2023-0386,KEV,2025-06-17,KEV,dateAdded
CVE-2019-6693,KEV,2025-06-25,KEV,dateAdded
CVE-2024-0769,KEV,2025-06-25,KEV,dateAdded
CVE-2024-54085,KEV,2025-06-25,KEV,dateAdded
CVE-2025-6543,KEV,2025-06-30,KEV,dateAdded
CVE-2025-48927,KEV,2025-07-01,KEV,dateAdded
CVE-2025-48928,KEV,2025-07-01,KEV,dateAdded
CVE-2025-6554,KEV,2025-07-02,KEV,dateAdded
CVE-2014-3931,KEV,2025-07-07,KEV,dateAdded
CVE-2016-10033,KEV,2025-07-07,KEV,dateAdded
CVE-2019-5418,KEV,2025-07-07,KEV,dateAdded
CVE-2019-9621,KEV,2025-07-07,KEV,dateAdded
CVE-2025-5777,KEV,2025-07-10,KEV,dateAdded
CVE-2025-47812,KEV,2025-07-14,KEV,dateAdded
CVE-2025-25257,KEV,2025-07-18,KEV,dateAdded
CVE-2025-53770,KEV,2025-07-20,KEV,dateAdded
CVE-2025-2775,KEV,2025-07-22,KEV,dateAdded
CVE-2025-2776,KEV,2025-07-22,KEV,dateAdded
CVE-2025-49704,KEV,2025-07-22,KEV,dateAdded
CVE-2025-49706,KEV,2025-07-22,KEV,dateAdded
CVE-2025-54309,KEV,2025-07-22,KEV,dateAdded
CVE-2025-6558,KEV,2025-07-22,KEV,dateAdded
CVE-2023-2533,KEV,2025-07-28,KEV,dateAdded
CVE-2025-20281,KEV,2025-07-28,KEV,dateAdded
CVE-2025-20337,KEV,2025-07-28,KEV,dateAdded
CVE-2020-25078,KEV,2025-08-05,KEV,dateAdded
CVE-2020-25079,KEV,2025-08-05,KEV,dateAdded
CVE-2022-40799,KEV,2025-08-05,KEV,dateAdded
CVE-2007-0671,KEV,2025-08-12,KEV,dateAdded
CVE-2013-3893,KEV,2025-08-12,KEV,dateAdded
CVE-2025-8088,KEV,2025-08-12,KEV,dateAdded
CVE-2025-8875,KEV,2025-08-13,KEV,dateAdded
CVE-2025-8876,KEV,2025-08-13,KEV,dateAdded
CVE-2025-54948,KEV,2025-08-18,KEV,dateAdded
CVE-2025-43300,KEV,2025-08-21,KEV,dateAdded
CVE-2024-8068,KEV,2025-08-25,KEV,dateAdded
CVE-2024-8069,KEV,2025-08-25,KEV,dateAdded
CVE-2025-48384,KEV,2025-08-25,KEV,dateAdded
CVE-2025-7775,KEV,2025-08-26,KEV,dateAdded
CVE-2025-57819,KEV,2025-08-29,KEV,dateAdded
CVE-2020-24363,KEV,2025-09-02,KEV,dateAdded
CVE-2025-55177,KEV,2025-09-02,KEV,dateAdded
CVE-2023-50224,KEV,2025-09-03,KEV,dateAdded
CVE-2025-9377,KEV,2025-09-03,KEV,dateAdded
CVE-2025-38352,KEV,2025-09-04,KEV,dateAdded
CVE-2025-48543,KEV,2025-09-04,KEV,dateAdded
CVE-2025-53690,KEV,2025-09-04,KEV,dateAdded
CVE-2025-5086,KEV,2025-09-11,KEV,dateAdded
CVE-2025-10585,KEV,2025-09-23,KEV,dateAdded
CVE-2025-20333,KEV,2025-09-25,KEV,dateAdded
CVE-2025-20362,KEV,2025-09-25,KEV,dateAdded
CVE-2021-21311,KEV,2025-09-29,KEV,dateAdded
CVE-2025-10035,KEV,2025-09-29,KEV,dateAdded
CVE-2025-20352,KEV,2025-09-29,KEV,dateAdded
CVE-2025-32463,KEV,2025-09-29,KEV,dateAdded
CVE-2025-59689,KEV,2025-09-29,KEV,dateAdded
CVE-2014-6278,KEV,2025-10-02,KEV,dateAdded
CVE-2015-7755,KEV,2025-10-02,KEV,dateAdded
CVE-2017-1000353,KEV,2025-10-02,KEV,dateAdded
CVE-2025-21043,KEV,2025-10-02,KEV,dateAdded
CVE-2025-4008,KEV,2025-10-02,KEV,dateAdded
CVE-2010-3765,KEV,2025-10-06,KEV,dateAdded
CVE-2010-3962,KEV,2025-10-06,KEV,dateAdded
CVE-2011-3402,KEV,2025-10-06,KEV,dateAdded
CVE-2013-3918,KEV,2025-10-06,KEV,dateAdded
CVE-2021-22555,KEV,2025-10-06,KEV,dateAdded
CVE-2021-43226,KEV,2025-10-06,KEV,dateAdded
CVE-2025-61882,KEV,2025-10-06,KEV,dateAdded
CVE-2025-27915,KEV,2025-10-07,KEV,dateAdded
CVE-2021-43798,KEV,2025-10-09,KEV,dateAdded
CVE-2016-7836,KEV,2025-10-14,KEV,dateAdded
CVE-2025-24990,KEV,2025-10-14,KEV,dateAdded
CVE-2025-47827,KEV,2025-10-14,KEV,dateAdded
CVE-2025-59230,KEV,2025-10-14,KEV,dateAdded
CVE-2025-54253,KEV,2025-10-15,KEV,dateAdded
CVE-2022-48503,KEV,2025-10-20,KEV,dateAdded
CVE-2025-2746,KEV,2025-10-20,KEV,dateAdded
CVE-2025-2747,KEV,2025-10-20,KEV,dateAdded
CVE-2025-33073,KEV,2025-10-20,KEV,dateAdded
CVE-2025-61884,KEV,2025-10-20,KEV,dateAdded
CVE-2025-61932,KEV,2025-10-22,KEV,dateAdded
CVE-2025-54236,KEV,2025-10-24,KEV,dateAdded
CVE-2025-59287,KEV,2025-10-24,KEV,dateAdded
CVE-2025-6204,KEV,2025-10-28,KEV,dateAdded
CVE-2025-6205,KEV,2025-10-28,KEV,dateAdded
CVE-2025-24893,KEV,2025-10-30,KEV,dateAdded
CVE-2025-41244,KEV,2025-10-30,KEV,dateAdded
CVE-2025-11371,KEV,2025-11-04,KEV,dateAdded
CVE-2025-48703,KEV,2025-11-04,KEV,dateAdded
CVE-2025-21042,KEV,2025-11-10,KEV,dateAdded
CVE-2025-12480,KEV,2025-11-12,KEV,dateAdded
CVE-2025-62215,KEV,2025-11-12,KEV,dateAdded
CVE-2025-9242,KEV,2025-11-12,KEV,dateAdded
CVE-2025-64446,KEV,2025-11-14,KEV,dateAdded
CVE-2025-58034,KEV,2025-11-18,KEV,dateAdded
CVE-2025-13223,KEV,2025-11-19,KEV,dateAdded
CVE-2025-61757,KEV,2025-11-21,KEV,dateAdded
CVE-2021-26829,KEV,2025-11-28,KEV,dateAdded
CVE-2025-48572,KEV,2025-12-02,KEV,dateAdded
CVE-2025-48633,KEV,2025-12-02,KEV,dateAdded
CVE-2021-26828,KEV,2025-12-03,KEV,dateAdded
CVE-2025-55182,KEV,2025-12-05,KEV,dateAdded
CVE-2022-37055,KEV,2025-12-08,KEV,dateAdded
CVE-2025-66644,KEV,2025-12-08,KEV,dateAdded
CVE-2025-6218,KEV,2025-12-09,KEV,dateAdded
CVE-2025-62221,KEV,2025-12-09,KEV,dateAdded
CVE-2025-58360,KEV,2025-12-11,KEV,dateAdded
CVE-2018-4063,KEV,2025-12-12,KEV,dateAdded
CVE-2025-14174,KEV,2025-12-12,KEV,dateAdded
CVE-2025-14611,KEV,2025-12-15,KEV,dateAdded
CVE-2025-43529,KEV,2025-12-15,KEV,dateAdded
CVE-2025-59718,KEV,2025-12-16,KEV,dateAdded
CVE-2025-20393,KEV,2025-12-17,KEV,dateAdded
CVE-2025-40602,KEV,2025-12-17,KEV,dateAdded
CVE-2025-59374,KEV,2025-12-17,KEV,dateAdded
CVE-2025-14733,KEV,2025-12-19,KEV,dateAdded
CVE-2023-52163,KEV,2025-12-22,KEV,dateAdded
CVE-2025-14847,KEV,2025-12-29,KEV,dateAdded
CVE-2009-0556,KEV,2026-01-07,KEV,dateAdded
CVE-2025-37164,KEV,2026-01-07,KEV,dateAdded
CVE-2025-8110,KEV,2026-01-12,KEV,dateAdded
CVE-2026-20805,KEV,2026-01-13,KEV,dateAdded
CVE-2026-20045,KEV,2026-01-21,KEV,dateAdded
CVE-2025-31125,KEV,2026-01-22,KEV,dateAdded
CVE-2025-34026,KEV,2026-01-22,KEV,dateAdded
CVE-2025-54313,KEV,2026-01-22,KEV,dateAdded
CVE-2025-68645,KEV,2026-01-22,KEV,dateAdded
CVE-2024-37079,KEV,2026-01-23,KEV,dateAdded
CVE-2018-14634,KEV,2026-01-26,KEV,dateAdded
CVE-2025-52691,KEV,2026-01-26,KEV,dateAdded
CVE-2026-21509,KEV,2026-01-26,KEV,dateAdded
CVE-2026-23760,KEV,2026-01-26,KEV,dateAdded
CVE-2026-24061,KEV,2026-01-26,KEV,dateAdded
CVE-2026-24858,KEV,2026-01-27,KEV,dateAdded
CVE-2026-1281,KEV,2026-01-29,KEV,dateAdded
CVE-2019-19006,KEV,2026-02-03,KEV,dateAdded
CVE-2021-39935,KEV,2026-02-03,KEV,dateAdded
CVE-2025-40551,KEV,2026-02-03,KEV,dateAdded
CVE-2025-64328,KEV,2026-02-03,KEV,dateAdded
CVE-2025-11953,KEV,2026-02-05,KEV,dateAdded
CVE-2026-24423,KEV,2026-02-05,KEV,dateAdded
CVE-2026-21510,KEV,2026-02-10,KEV,dateAdded
CVE-2026-21513,KEV,2026-02-10,KEV,dateAdded
CVE-2026-21514,KEV,2026-02-10,KEV,dateAdded
CVE-2026-21519,KEV,2026-02-10,KEV,dateAdded
CVE-2026-21525,KEV,2026-02-10,KEV,dateAdded
CVE-2026-21533,KEV,2026-02-10,KEV,dateAdded
CVE-2024-43468,KEV,2026-02-12,KEV,dateAdded
CVE-2025-15556,KEV,2026-02-12,KEV,dateAdded
CVE-2025-40536,KEV,2026-02-12,KEV,dateAdded
CVE-2026-20700,KEV,2026-02-12,KEV,dateAdded
CVE-2026-1731,KEV,2026-02-13,KEV,dateAdded
CVE-2008-0015,KEV,2026-02-17,KEV,dateAdded
CVE-2020-7796,KEV,2026-02-17,KEV,dateAdded
CVE-2024-7694,KEV,2026-02-17,KEV,dateAdded
CVE-2026-2441,KEV,2026-02-17,KEV,dateAdded
CVE-2021-22175,KEV,2026-02-18,KEV,dateAdded
CVE-2026-22769,KEV,2026-02-18,KEV,dateAdded
CVE-2025-49113,KEV,2026-02-20,KEV,dateAdded
CVE-2025-68461,KEV,2026-02-20,KEV,dateAdded
CVE-2026-25108,KEV,2026-02-24,KEV,dateAdded
CVE-2022-20775,KEV,2026-02-25,KEV,dateAdded
CVE-2026-20127,KEV,2026-02-25,KEV,dateAdded
CVE-2026-21385,KEV,2026-03-03,KEV,dateAdded
CVE-2026-22719,KEV,2026-03-03,KEV,dateAdded
CVE-2017-7921,KEV,2026-03-05,KEV,dateAdded
CVE-2021-22681,KEV,2026-03-05,KEV,dateAdded
CVE-2021-30952,KEV,2026-03-05,KEV,dateAdded
CVE-2023-41974,KEV,2026-03-05,KEV,dateAdded
CVE-2023-43000,KEV,2026-03-05,KEV,dateAdded
CVE-2021-22054,KEV,2026-03-09,KEV,dateAdded
CVE-2025-26399,KEV,2026-03-09,KEV,dateAdded
CVE-2026-1603,KEV,2026-03-09,KEV,dateAdded
CVE-2025-68613,KEV,2026-03-11,KEV,dateAdded
CVE-2026-3909,KEV,2026-03-13,KEV,dateAdded
CVE-2026-3910,KEV,2026-03-13,KEV,dateAdded
CVE-2025-47813,KEV,2026-03-16,KEV,dateAdded
CVE-2025-66376,KEV,2026-03-18,KEV,dateAdded
CVE-2026-20963,KEV,2026-03-18,KEV,dateAdded
CVE-2026-20131,KEV,2026-03-19,KEV,dateAdded
CVE-2025-31277,KEV,2026-03-20,KEV,dateAdded
CVE-2025-32432,KEV,2026-03-20,KEV,dateAdded
CVE-2025-43510,KEV,2026-03-20,KEV,dateAdded
CVE-2025-43520,KEV,2026-03-20,KEV,dateAdded
CVE-2025-54068,KEV,2026-03-20,KEV,dateAdded
CVE-2026-33017,KEV,2026-03-25,KEV,dateAdded
CVE-2026-33634,KEV,2026-03-26,KEV,dateAdded
CVE-2025-53521,KEV,2026-03-27,KEV,dateAdded
CVE-2026-3055,KEV,2026-03-30,KEV,dateAdded
CVE-2026-5281,KEV,2026-04-01,KEV,dateAdded
CVE-2026-3502,KEV,2026-04-02,KEV,dateAdded
CVE-2026-35616,KEV,2026-04-06,KEV,dateAdded
CVE-2026-1340,KEV,2026-04-08,KEV,dateAdded
CVE-2012-1854,KEV,2026-04-13,KEV,dateAdded
CVE-2020-9715,KEV,2026-04-13,KEV,dateAdded
CVE-2023-21529,KEV,2026-04-13,KEV,dateAdded
CVE-2023-36424,KEV,2026-04-13,KEV,dateAdded
CVE-2025-60710,KEV,2026-04-13,KEV,dateAdded
CVE-2026-21643,KEV,2026-04-13,KEV,dateAdded
CVE-2026-34621,KEV,2026-04-13,KEV,dateAdded
CVE-2009-0238,KEV,2026-04-14,KEV,dateAdded
CVE-2026-32201,KEV,2026-04-14,KEV,dateAdded
CVE-2026-34197,KEV,2026-04-16,KEV,dateAdded
CVE-2023-27351,KEV,2026-04-20,KEV,dateAdded
CVE-2024-27199,KEV,2026-04-20,KEV,dateAdded
CVE-2025-2749,KEV,2026-04-20,KEV,dateAdded
CVE-2025-32975,KEV,2026-04-20,KEV,dateAdded
CVE-2025-48700,KEV,2026-04-20,KEV,dateAdded
CVE-2026-20122,KEV,2026-04-20,KEV,dateAdded
CVE-2026-20128,KEV,2026-04-20,KEV,dateAdded
CVE-2026-20133,KEV,2026-04-20,KEV,dateAdded
CVE-2026-33825,KEV,2026-04-22,KEV,dateAdded
CVE-2026-39987,KEV,2026-04-23,KEV,dateAdded
CVE-2024-57726,KEV,2026-04-24,KEV,dateAdded
CVE-2024-57728,KEV,2026-04-24,KEV,dateAdded
CVE-2024-7399,KEV,2026-04-24,KEV,dateAdded
CVE-2025-29635,KEV,2026-04-24,KEV,dateAdded
